# name,mass,radius,orbital_period,temp_calculated,temp_measured,molecules,star_distance
11 Com b,19.4,,326.03,,,,110.6
11 UMi b,10.5,,516.22,,,,119.5
14 And b,5.33,,185.84,,,,76.4
14 Her b,4.64,,1773.4,,,,18.1
16 Cyg B b,1.68,,799.5,,,,21.41
18 Del b,10.3,,993.3,,,,73.1
1RXS 1609 b,14,1.7,,,1800,"H2O, CO, K",145
1SWASP J1407 b,20,,3725,,,,133
24 Sex b,1.99,,452.8,,,,74.8
24 Sex c,0.86,,883,,,,74.8
2M 0103(AB) b,13,,,,,,47.2
2M 0122-2439 b,20,1,,,1380,,36
2M 0219-3925 b,13.9,1.44,,,1683,,39.4
2M 044144 b,7.5,,,,,,140
2M 0746+20 b,30,0.97,4640,,,,12.21
2M 1936+4603 b,1.9,,416,,,,
2M 2140+16 b,20,0.92,7340,,,,25
2M 2206-20 b,30,1.3,8686,,,,26.67
2M1207 b,4,,,,,,52.4
30 Ari B b,9.88,,335.1,,,,39.4
4 Uma b,7.1,,269.3,,,,78.5
42 Dra b,3.88,,479.1,,,,97.3
47 Uma b,2.53,,1078,,,,13.97
47 Uma c,0.54,,2391,,,,13.97
47 Uma d,1.64,,14002,,,,13.97
51 Eri b,7,,14965,700,,"CH4, H2O",29.4
51 Peg b,0.46,1.9,4.2308,,,"H2O, CO",14.7
55 Cnc b,0.8,,14.651,,,,12.34
55 Cnc c,0.169,,44.3446,,,,12.34
55 Cnc d,3.835,,5218,,,,12.34
55 Cnc e,0.0261775163,0.1775362254,0.7365417,,,HCN,12.34
55 Cnc f,0.144,,260.7,,,,12.34
6 Lyn b,2.4,,899,,,,56.9
61 Vir b,0.016,,4.215,,,,8.52
61 Vir c,0.0573,,38.021,,,,8.52
61 Vir d,0.072,,123.01,,,,8.52
7 CMa b,2.46,,796,,,,19.75
70 Vir b,6.6,,116.67,,,,22
75 Cet b,3,,691.9,,,,81.5
8 Umi b,1.5,,93.4,,,,159.1
81 Cet b,5.3,,952.7,,,,97.2
91 Aqr b,3.2,,181.4,,,,45.9
AB Pic b,13.5,,,,,,47.3
Aldebaran b,6.47,,628.96,,,,20.43
BD +48 738 b,0.91,,392.6,,,,
BD+15 2940 b,1.11,,137.48,,,,585
BD+20 274 c,4.2,,578.2,,,,
BD+49 828 b,1.6,,2590,,,,
BD-061339 b,0.027,,3.8728,,,,20
BD-061339 c,0.17,,125.94,,,,20
BD-082823 b,0.045,,5.6,,,,42.2
BD-082823 c,0.33,,237.6,,,,42.2
BD-10 3166 b,0.46,1.03,3.4878,,,,66
BD-114672 b,0.53,,1667,,,,27.3
BD-17 63 b,5.1,,655.6,,,,34.6
BD14 4559 b,1.47,,268.94,,,,50
BD20 2457 b,21.42,,379.63,,,,200
BD20 2457 c,12.47,,621.99,,,,200
CD-35 2722 b,31,,,,,,21.3
CFBDS 1458 b,6.5,,14600,,,,23.1
CHXR 73 b,12,,,,,,
CT Cha b,17,2.2,,,,,165
CoRoT-1 b,1.03,1.49,1.5089557,,,,460
CoRoT-10 b,2.75,0.97,13.2406,,,,345
CoRoT-11 b,2.33,1.43,2.994325,,,,560
CoRoT-12 b,0.917,1.44,2.828042,,,,1150
CoRoT-13 b,1.308,0.885,4.03519,,,,1310
CoRoT-14 b,7.6,1.09,1.51214,,,,1340
CoRoT-15 b,63.3,1.12,3.06036,1740,,,
CoRoT-16 b,0.535,1.17,5.35227,,,,840
CoRoT-17 b,2.43,1.02,3.768125,,,,920
CoRoT-18 b,3.47,1.31,1.9000693,,,,870
CoRoT-19 b,1.11,1.29,3.89713,,,,800
CoRoT-2 b,3.31,1.465,1.7429964,,,,300
CoRoT-20 b,4.24,0.84,9.24285,,,,1230
CoRoT-21 b,2.26,1.3,2.72474,,,,
CoRoT-22 b,0.0383853003,0.4353652161,9.75598,885,,,592
CoRoT-23 b,2.8,1.08,3.6314,,,,600
CoRoT-24 b,0.018,0.33,5.1134,1070,,,600
CoRoT-24 c,0.088,0.44,11.759,850,,,600
CoRoT-25 b,0.27,1.08,4.86069,,,,1000
CoRoT-26 b,0.52,1.26,4.20474,,,,1670
CoRoT-27 b,10.39,1.007,3.57532,1500,,,
CoRoT-28 b,0.484,0.955,5.20851,,,,560
CoRoT-29 b,0.85,0.9,2.85057,,,,765
CoRoT-3 b,21.77,1.01,4.2567994,,,,680
CoRoT-33 b,59,1.1,5.819143,,,,
CoRoT-4 b,0.72,1.19,9.20205,,,,
CoRoT-5 b,0.467,1.33,4.0378962,,,,400
CoRoT-6 b,2.96,1.166,8.886593,,,,
CoRoT-7 b,0.0233458138,0.1489876867,0.853585,,,,150
CoRoT-7 c,0.0264,,3.698,,,,150
CoRoT-8 b,0.2158386559,0.5691864915,6.21229,,,,380
CoRoT-9 b,0.84,0.94,95.273804,,,,460
DE0823-49 b,31.5,,247.75,,1670,,20.69
DH Tau b,11,,,,,,
DP Leo b,6.05,,10230,,,,
EPIC 201445392 c,,0.215,2.50856,801,,,
EPIC 201505350 d,,0.102,2.50856,1252,,,291
EPIC 201637175 b,1.4,0.25,0.381071,,,,225
EPIC 203771098 b,0.0661,0.52,20.8851,709,,,181
EPIC 203771098 c,0.085,0.723,42.36342,560,,,181
EPIC-206011691 b,,0.142,9.32414,,,,65
EPIC-206011691 c,,0.171,15.5012,,,,65
EPIC-210490365 b,,0.306,3.484552,,,,45.7
FU Tau b,15,,,,,,140
FW Tau b,10,,,,,,145
Fomalhaut b,3,,320000,,,,7.704
GJ 1132 b,0.0051,0.103,1.62893,580,,,12.04
GJ 1214 b,0.0203253312,0.2382018703,1.58040482,,,,13
GJ 160.2 b,0.0320926281,,5.2354,,,,
GJ 176 b,0.0265,,8.7836,,,,9.42
GJ 180 b,0.0261145896,,17.38,,,,
GJ 180 c,0.020136551,,24.329,,,,
GJ 221  BD-061339 d,0.091,,500,,,,20
GJ 229 b,0.1006827549,,471,,,,
GJ 27.1 b,0.0409023692,,15.819,,,,
GJ 3021 b,3.37,,133.71,,,,17.62
GJ 317 b,1.81,,692,,,,15.1
GJ 317 c,2,,7300,,,,15.1
GJ 328 b,2.3,,4100,,,,19.8
GJ 3293 b,0.0812,,30.6,,,,17.9
GJ 3293 d,0.0705,,123.98,,,,17.9
GJ 3341 b,0.35717,,14.207,,,,23.1
GJ 3470 b,0.0437340717,0.3738074294,3.33671,,,,30.7
GJ 3634 b,0.022,,2.64561,,,,19.8
GJ 422 b,0.0311487273,,26.161,,,,
GJ 433 b,0.01667,,7.3697,,,,9.04
GJ 433 c,0.14,,3693,,,,9.04
GJ 436 b,0.07,0.38,2.64394,,,"CO2, CO, H2O, H, H",10.2
GJ 504 b,4,0.96,,,544,CH4,17.56
GJ 667C b,0.0176,,7.2004,,,,6.84
GJ 667C c,0.0119,,28.14,,,,6.84
GJ 667C d,0.01604,,91.61,,,,6.84
GJ 667C e,0.0085,,62.24,,,,6.84
GJ 667C f,0.0085,,39.026,,,,6.84
GJ 667C g,0.0145,,256.2,,,,6.84
GJ 674 b,0.04,1.13,4.6944,,,,4.54
GJ 676A b,4.95,,1050.3,,,,16.45
GJ 676A c,3,,4400,,,,16.45
GJ 676A d,0.014,,3.6,,,,16.45
GJ 676A e,0.036,,35.37,,,,16.45
GJ 682 b,0.0138438788,,17.478,,,,
GJ 682 c,0.027365121,,57.32,,,,
GJ 758 b,35,,109000,,600,CH4,15.5
GJ 832 b,0.6890476041,,3416,,,,4.94
GJ 832 c,0.0157316805,,35.67,,,,4.94
GJ 849 b,0.9,,1914,,,,9.1
GJ 849 c,0.77,,7049,,,,9.1
GQ Lup b,21.5,1.8,,,,,140
GSC 6214-210 b,17,,,,,,145
GU Psc b,11,1.35,,,1050,CH4,48
Gj 163 b,0.0334,,8.633,,,,15
Gj 163 c,0.02285,,25.645,,,,15
Gj 163 d,0.06945,,600.895,,,,15
Gl 15 A b,0.0168328981,,11.4433,,,,3.587
Gl 179 b,0.82,,2288,,,,12.3
Gl 581 b,0.05,,5.36865,,,,6.21
Gl 581 c,0.017,,12.9182,,,,6.21
Gl 581 e,0.0061,,3.14945,,,,6.21
Gl 649 b,0.328,,598.3,,,,10.34
Gl 649 c,0.03,,4.4762,,,,10.34
Gl 687 b,0.058,,38.14,,,,4.5
Gl 785 b,0.0532,,74.72,355,,,8.911
Gl 86 b,4.01,,15.766,,,,10.9
Gliese 876 b,1.927,,61.03,,,,4.7
Gliese 876 c,0.637,,30.23,,,,4.7
Gliese 876 d,0.017,,1.94,,,,4.7
Gliese 876 e,0.039,,124.69,,,,4.7
HAT-P-1 b,0.525,1.319,4.46529976,1322,,"H2O, K, O I, C",139
HAT-P-11 b,0.0824340056,0.4219830886,4.887804,,,,38
HAT-P-12 b,0.2104898845,0.9545917648,3.2130598,,1000,,142.5
HAT-P-13 b,0.85,1.28,2.916243,,,,214
HAT-P-13 c,14.28,,446.27,,,,214
HAT-P-14 b,2.2,1.2,4.627657,,,,205
HAT-P-15 b,1.946,1.072,10.863502,,,,190
HAT-P-16 b,4.193,1.289,2.77596,,,,235
HAT-P-17 b,0.534,1.01,10.338523,,,,90
HAT-P-17 c,1.4,,1798,,,,90
HAT-P-18 b,0.183,0.947,5.508029,841,,,166
HAT-P-19 b,0.292,1.132,4.008784,,,,215
HAT-P-2 b,8.74,0.951,5.6334729,,,,118
HAT-P-20 b,7.246,0.867,2.875317,,,,70
HAT-P-21 b,4.063,1.024,4.124461,,,,254
HAT-P-22 b,2.147,1.08,3.21222,,,,82
HAT-P-23 b,2.09,1.368,1.212884,,,,393
HAT-P-24 b,0.685,1.242,3.35524,,,,306
HAT-P-25 b,0.567,1.19,3.652836,,,,297
HAT-P-26 b,0.0585218513,0.5647257824,4.234516,,,,134
HAT-P-27-WASP-40 b,0.66,1.055,3.0395803,,,,204
HAT-P-28 b,0.626,1.212,3.257215,,,,395
HAT-P-29 b,0.778,1.107,5.723186,,,,322
HAT-P-3 b,0.591,0.827,2.899703,,,,130
HAT-P-30-WASP-51 b,0.711,1.34,2.810595,,,,193
HAT-P-31 b,2.171,1.07,5.005425,,,,354
HAT-P-32 b,0.941,2.037,2.150009,,,,320
HAT-P-33 b,0.763,1.827,3.474474,,,,419
HAT-P-34 b,3.328,1.107,5.452654,,,,257
HAT-P-35 b,1.054,1.332,3.646706,,,,535
HAT-P-36 b,1.832,1.264,1.327347,,,,317
HAT-P-37 b,1.169,1.178,2.797436,,,,411
HAT-P-38 b,0.267,0.825,4.640382,,,,249
HAT-P-39 b,0.599,1.571,3.54387,,,,642
HAT-P-4 b,0.68,1.27,3.0565114,,,,310
HAT-P-40 b,0.615,1.73,4.457243,,,,501
HAT-P-41 b,0.8,1.685,2.694047,,,,344
HAT-P-42 b,0.975,1.277,4.641876,1427,,,447
HAT-P-43 b,0.66,1.283,3.332688,1361,,,543
HAT-P-44 b,0.392,1.28,4.301217,,,,374
HAT-P-44 c,1.6,,219.9,,,,374
HAT-P-45 b,0.892,1.426,3.128992,,,,305
HAT-P-46 b,0.493,1.284,4.463129,,,,296
HAT-P-46 c,2,,77.7,,,,296
HAT-P-49 b,1.73,1.413,2.691548,2131,,,322
HAT-P-5 b,1.06,1.252,2.788491,,,,340
HAT-P-50 b,1.35,1.288,3.1220109,1862,,,597
HAT-P-51 b,0.309,1.293,4.2180278,1192,,,470
HAT-P-52 b,0.818,1.009,2.7535953,1218,,,385
HAT-P-53 b,1.484,1.318,1.9616241,1778,,,719
HAT-P-54 b,0.76,0.944,3.799847,,,,135.8
HAT-P-55 b,0.582,1.182,3.5852467,1313,,,480
HAT-P-56 b,2.18,1.466,2.7908327,1840,,,310.5
HAT-P-57 b,1.85,1.413,2.465295,2200,,,303
HAT-P-6 b,1.057,1.33,3.853003,,,,200
HAT-P-7 b,1.741,1.431,2.204735471,2121,,,320
HAT-P-8 b,1.34,1.5,3.0763402,,,,230
HAT-P-9 b,0.67,1.4,3.922814,,,,480
HATS-1 b,1.855,1.302,3.446459,,,,303
HATS-10 b,0.526,0.969,3.312846,1407,,,496
HATS-13 b,0.543,1.212,3.0440499,1244,,,476
HATS-14 b,1.071,1.039,2.7667641,,,,513
HATS-2 b,1.345,1.168,1.354133,,,,360
HATS-3 b,1.071,1.381,3.547851,1648,,,453
HATS-4 b,1.323,1.02,2.516729,1315,,,420
HATS-5 b,0.237,0.912,4.763387,1025,,,257
HATS-6 b,0.319,0.998,3.3252725,,,,148.4
HATS-8 b,0.138,0.873,3.583893,1324,,,829
HATS-9 b,0.837,1.065,1.9153073,1823,,,622
HD 100655 b,1.7,,157.57,,,,122
HD 100777 b,1.16,,383.7,,,,52.8
HD 10180 c,0.041217,,5.75979,,,,39.4
HD 10180 d,0.03696945,,16.3579,,,,39.4
HD 10180 e,0.07897304,,49.745,,,,39.4
HD 10180 f,0.07519743,,122.76,,,,39.4
HD 10180 g,0.06733159,,601.2,,,,39.4
HD 10180 h,0.202624,,2222,,,,39.4
HD 101930 b,0.3,,70.46,,,,30.49
HD 102117 b,0.172,,20.67,,,,42
HD 102195 b,0.45,,4.113775,,,,28.98
HD 102272 b,5.9,,127.58,,,,360
HD 102272 c,2.6,,520,,,,360
HD 102329 b,5.9,,778.1,,,,158
HD 102365 b,0.05,,122.1,,,,9.24
HD 102956 b,0.96,,6.495,,,,126
HD 103197 b,0.098,,47.84,,,,49.3
HD 103720 b,0.62,,4.5557,,,,41.6
HD 103774 b,0.367,,5.8881,,,,55
HD 104067 b,0.186,,55.806,,,,20.8
HD 104985 b,6.3,,198.2,,,,102
HD 106252 b,7.56,,1600,,,,37.44
HD 106270 b,11,,2890,,,,84.9
HD 10647 b,0.93,,1003,,,,17.3
HD 106515A b,9.61,,3630,,,,35.2
HD 106906 b,11,,,,,,92
HD 10697 b,6.38,,1076.4,,,,32.56
HD 107148 b,0.21,,48.056,,,,51.3
HD 108147 b,0.261,,10.8985,,,,38.57
HD 108341 b,3.5,,1129,,,,49.4
HD 108863 b,2.6,,443.4,,,,139
HD 108874 b,1.36,,395.4,,,,68.5
HD 108874 c,1.018,,1605.8,,,,68.5
HD 109246 b,0.77,,68.27,,,,65.6
HD 109271 b,0.054,,7.8543,,,,62
HD 109271 c,0.076,,30.93,,,,62
HD 109749 b,0.28,0.99,5.23921,,,,59
HD 110014 b,11.09,,835.477,,,,90
HD 111232 b,6.8,,1143,,,,29
HD 113337 b,2.83,,324,,,,36.9
HD 113538 b,0.36,,663.2,,,,15.8
HD 113538 c,0.93,,1818,,,,15.8
HD 114386 b,1.24,,937,,,,28
HD 114386 c,1.19,,1046,,,,28
HD 114613 b,0.48,,3827,,,,20.67
HD 114729 b,0.84,,1135,,,,35
HD 114762 b,10.98,,83.9151,,,,39.46
HD 114783 b,1,,501,,,,20.4
HD 11506 b,3.44,,1270,,,,53.82
HD 11506 c,0.82,,170.46,,,,53.82
HD 116029 b,2.1,,670.2,,,,123.2
HD 117207 b,2.06,,2627.08,,,,33
HD 11755 b,6.5,,433.7,,,,231.5
HD 117618 b,0.178,,25.827,,,,38
HD 117618 c,0.2,,318,,,,38
HD 118203 b,2.14,1.05,6.13322,,,,88.6
HD 11964 b,0.622,,1945,,,,33.98
HD 11964 c,0.079,,37.91,,,,33.98
HD 11977 b,6.54,,711,,,,66.5
HD 120084 b,4.5,,2082,,,,97.7
HD 121504 b,1.22,,63.33,,,,44.37
HD 122430 b,3.71,,344.95,,,,135
HD 125595 b,0.042,,9.6737,,,,27.4
HD 125612 b,3,,502,,,,52.82
HD 125612 c,0.058,,4.1547,,,,52.82
HD 125612 d,7.2,,3008,,,,52.82
HD 12648 b,2.9,,133.6,,,,158.4
HD 126525 b,0.224,,948.12,,,,38.1
HD 12661 b,2.3,,263.6,,,,37.16
HD 12661 c,1.57,,1708,,,,37.16
HD 126614 b,0.38,,1244,,,,72.4
HD 128311 b,2.18,,448.6,,,,16.6
HD 128311 c,3.21,,919,,,,16.6
HD 129445 b,1.6,,1840,,,,67.61
HD 130322 b,1.02,,10.72,,,,30
HD 131496 b,2.2,,883,,,,110
HD 13189 b,14,,471.6,,,,185
HD 132406 b,5.61,,974,,,,71
HD 132563B b,1.49,,1544,,,,96
HD 134060 b,0.0351,,3.27,,,,24.2
HD 134060 c,0.1507,,1160.9,,,,24.2
HD 134606 b,0.0292,,12.083,,,,26.5
HD 134606 c,0.0382,,59.519,,,,26.5
HD 134606 d,0.121,,459.26,,,,26.5
HD 134987 b,1.59,,258.19,,,,22.2
HD 134987 c,0.82,,5000,,,,22.2
HD 136352 b,0.0166,,11.577,,,,14.8
HD 136352 c,0.0358,,27.582,,,,14.8
HD 136352 d,0.03,,106.72,,,,14.8
HD 136418 b,2,,464.3,,,,98.2
HD 137388 b,0.223,,330,,,,38
HD 13808 b,0.0325,,14.182,,,,28.6
HD 13808 c,0.036,,53.832,,,,28.6
HD 13908 b,0.865,,19.382,,,,71.2
HD 13908 c,5.13,,931,,,,71.2
HD 13931 b,1.88,,4218,,,,44.2
HD 139357 b,9.76,,1125.7,,,,121.4
HD 14067 b,7.8,,1455,,,,163.4
HD 141399 b,0.46,,94.35,,,,36.17
HD 141399 c,1.36,,202.08,,,,36.17
HD 141399 d,1.22,,1070.35,,,,36.17
HD 141399 e,0.69,,3717.35,,,,36.17
HD 141937 b,9.7,,653.22,,,,33.46
HD 142 b,1.25,,349.7,,,,20.6
HD 142 c,5.3,,6005,,,,20.6
HD 142022 A b,5.1,,1928,,,,35.87
HD 142245 b,1.9,,1299,,,,109.5
HD 142415 b,1.62,,386.3,,,,34.2
HD 143361 b,3.12,,1057,,,,59.35
HD 145377 b,5.76,,103.95,,,,57.7
HD 145457 b,2.9,,176.3,,,,126
HD 145934 b,2.28,,2730,,,,
HD 1461 b,0.0203,,5.77152,,,,23.4
HD 1461 c,0.0176,,13.5052,,,,23.4
HD 147018 b,2.12,,44.236,,,,42.96
HD 147018 c,6.56,,1008,,,,42.96
HD 147513 b,1.21,,528.4,,,,12.9
HD 148156 b,0.85,,1010,,,,53.05
HD 148427 b,0.96,,331.5,,,,59.3
HD 149026 b,0.356,0.718,2.8758916,,,,78.9
HD 149143 b,1.33,1.05,4.07206,,,,63
HD 1502 b,3.1,,431.8,,,,159
HD 150433 b,0.168,,1096.2,,,,29.6
HD 150706 b,2.71,,5894,,,,27.2
HD 152079 b,3,,2097,,,,85.17
HD 152581 b,1.5,,689,,,,186
HD 153950 b,2.73,,499.4,,,,49.6
HD 154088 b,0.0193,,18.596,,,,17.8
HD 154345 b,1,,3538,,,,18.06
HD 154672 b,5.02,,163.91,,,,65.8
HD 154857 b,2.24,,408.6,,,,64.2
HD 154857 c,2.58,,3452,,,,64.2
HD 155233 b,2,,885,,,,75.1
HD 155358 b,0.85,,194.3,,,,43
HD 155358 c,0.82,,391.9,,,,43
HD 156279 b,9.71,,131.05,,,,36.6
HD 156411 b,0.74,,842.2,,,,55.1
HD 156668 b,0.0131,,4.646,,,,24.5
HD 157172 b,0.12,,104.84,,,,31.9
HD 158038 b,1.8,,521,,,,103.6
HD 159243 b,1.13,,12.62,,,,69.2
HD 159243 c,1.9,,248.4,,,,69.2
HD 159868 b,2.1,,1178.4,,,,52.7
HD 159868 c,0.73,,352.3,,,,52.7
HD 1605 b,0.96,,577.9,,,,84.6
HD 1605 c,3.48,,2111,,,,84.6
HD 16141 b,0.215,,75.82,,,,35.9
HD 16175 b,4.4,,990,,,,59.8
HD 162004 b,1.53,,3117,,,,22.16
HD 162020 b,14.4,,8.428198,,,,31.26
HD 163607 b,0.77,,75.229,,,,69
HD 163607 c,2.29,,1314,,,,69
HD 16417 b,0.069,,17.24,,,,25.5
HD 164509 b,0.48,,282.4,,,,52
HD 164595 b,0.0516,,40,,,,28.93
HD 164604 b,2.7,,606.4,,,,38
HD 164922 b,0.36,,1155,,,,21.93
HD 1666 b,6.43,,270,,,,110.6
HD 166724 b,3.53,,8100,,,,42.3
HD 167042 b,1.6,,416.1,,,,50
HD 168443 b,7.659,,58.11247,,,,37.38
HD 168443 c,17.193,,1749.83,,,,37.38
HD 168746 b,0.23,,6.403,,,,43.12
HD 1690 b,6.1,,533,,,,319
HD 169830 b,2.88,,225.62,,,,36.32
HD 169830 c,4.04,,2102,,,,36.32
HD 170469 b,0.67,,1145,,,,64.97
HD 17092 b,4.6,,359.9,,,,109
HD 171028 b,1.98,,550,,,,90
HD 171238 b,2.6,,1523,,,,50.28
HD 17156 b,3.191,1.095,21.2163979,,,,78.24
HD 173416 b,2.7,,323.6,,,,135
HD 175167 b,7.8,,1290,,,,67.02
HD 175541 b,0.61,,297.3,,,,128
HD 175607 b,0.0283,,29.01,,,,45.27
HD 176051 b,1.5,,1016,,,,14.99
HD 177830 b,1.49,,406.6,,,,59
HD 177830 c,0.15,,110.9,,,,59
HD 178911 B b,6.292,,71.487,,,,46.73
HD 179079 b,0.08,,14.476,,,,63.69
HD 179949 b,0.92,1.05,3.0925,,,"CO, H2O",27
HD 180314 b,22,,396.03,,,,132
HD 180902 b,1.6,,479,,,,110
HD 181342 b,3.3,,663,,,,110.6
HD 181433 b,0.0238,,9.3743,,,,26.15
HD 181433 c,0.64,,962,,,,26.15
HD 181433 d,0.54,,2172,,,,26.15
HD 181720 b,0.37,,956,,,,56
HD 183263 b,3.67,,626.5,,,,53
HD 183263 c,3.82,,2950,,,,53
HD 185269 b,0.94,,6.838,,,,47
HD 187085 b,0.75,,986,,,,44.98
HD 187123 b,0.52,,3.0965828,,,,50
HD 187123 c,1.99,,3810,,,,50
HD 18742 b,2.7,,772,,,,135
HD 188015 b,1.26,,456.46,,,,52.6
HD 189567 b,0.0316,,14.275,,,,17.7
HD 189733 b,1.138,1.138,2.21857312,,,"H2O, CH4, CO, Na, H, H, H2O, Na, O I, C, O I, CO, H2O",19.3
HD 190360 b,1.495,,2867.9,,,,15.89
HD 190360 c,0.06381,,17.1186,,,,15.89
HD 190647 b,1.9,,1038.1,,,,54.2
HD 190984 b,3.1,,4885,,,,103
HD 192263 b,0.733,,24.3587,,,,19.9
HD 192310 c,0.076,,525.8,185,,,8.82
HD 192699 b,2.5,,351.5,,,,67
HD 19467 b,52,,,,978,,30.86
HD 195019 b,3.7,,18.20163,,,,37.36
HD 196050 b,2.83,,1316.24,,,,46.9
HD 196067 b,6.9,,3638,,,,44.3
HD 196885 A b,2.98,,1326,,,,33
HD 197037 b,0.79,,1035.7,,,,33
HD 19994 b,1.68,,535.7,,,,22.38
HD 20003 b,0.0378,,11.849,,,,43.8
HD 20003 c,0.0422,,33.823,,,,43.8
HD 200964 b,1.85,,613.8,,,,68.4
HD 200964 c,0.895,,825,,,,68.4
HD 202206 b,17.4,,255.87,,,,46.34
HD 202206 c,2.44,,1383.4,,,,46.34
HD 20367 b,1.07,,500,,,,27
HD 2039 b,6.11,,1120,,,,89.8
HD 204313 b,4.28,,2024.1,,,,47.37
HD 204313 c,0.0553,,34.905,,,,47.37
HD 204313 d,1.68,,2831.6,,,,47.37
HD 204941 b,0.266,,1733,,,,27
HD 205739 b,1.37,,279.8,,,,90.3
HD 206610 b,2.2,,610,,,,194
HD 20781 b,0.0379,,29.15,,,,35.4
HD 20781 c,0.0496,,85.131,,,,35.4
HD 20782 b,1.9,,591.9,,,,36.02
HD 207832 b,0.56,,161.97,,,,54.4
HD 207832 c,0.73,,1155.7,,,,54.4
HD 20794 b,0.0085,,18.315,,,,6.06
HD 20794 c,0.0076,,40.114,,,,6.06
HD 20794 d,0.015,,90.309,,,,6.06
HD 208487 b,0.413,,129.8,,,,45
HD 208527 b,9.9,,875.5,,,,320.2
HD 20868 b,1.99,,380.85,,,,48.9
HD 209458 b,0.69,1.38,3.52472,,,"H2O, H, Na, TiO, VO, H, Mg, Mg, O I, C, CH4, CO, CO2, H, HCN, H2O, Na, TiO, VO, O2, H2, K, Mg, C, O I",47
HD 210277 b,1.23,,442.1,,,,21.29
HD 210702 b,1.9,,354.8,,,,56
HD 211847 b,19.2,,7930,,,,50.6
HD 212301 b,0.4,1.07,2.245715,,,,52.7
HD 212771 b,2.3,,373.3,,,,131
HD 213240 b,4.5,,951,,,,40.75
HD 215152 b,0.0087,,7.2825,,,,21.5
HD 215152 c,0.0097,,10.866,,,,21.5
HD 215456 b,0.101,,191.99,,,,38
HD 215456 c,0.246,,2277,,,,38
HD 215497 b,0.02,,3.93404,,,,44
HD 215497 c,0.33,,567.94,,,,44
HD 216435 b,1.26,,1311,,,,33.3
HD 216437 b,1.82,,1256,,,,26.5
HD 216536 b,1.47,,148.6,,,,
HD 216770 b,0.65,,118.45,,,,38
HD 21693 b,0.0322,,22.656,,,,32.4
HD 21693 c,0.06472,,53.881,,,,32.4
HD 217107 b,1.33,,7.12689,,,,19.72
HD 217107 c,2.49,,4210,,,,19.72
HD 217786 b,13,,1319,,,,54.8
HD 218566 b,0.21,,225.7,,,,29.94
HD 219077 b,10.39,,5501,,,,29.35
HD 219134 b,0.012,0.1433,3.0931,,,,6.55
HD 219134 c,0.011,,6.7635,,,,6.55
HD 219134 d,0.067,,46.71,,,,6.55
HD 219134 e,0.0117,,1842,,,,6.55
HD 219134 f,0.028,,22.805,,,,6.55
HD 219134 g,0.034,,94.2,,,,6.55
HD 219134 h,0.34,,2247,,,,6.55
HD 219415 b,1,,2093.3,,,,
HD 219828 b,0.085,,3.8335,,,,81.1
HD 220074 b,11.1,,672.1,,,,290.2
HD 220689 b,1.06,,2209,,,,44.6
HD 220773 b,1.45,,3724.7,,,,49
HD 221287 b,3.09,,456.1,,,,52.9
HD 222155 b,1.9,,3999,,,,49.1
HD 222582 b,7.75,,572.38,,,,42
HD 224693 b,0.71,,26.73,,,,94
HD 22781 b,13.65,,528.07,,,,31.79
HD 23079 b,2.5,,626,,,,34.8
HD 23127 b,1.5,,1214,,,,89.1
HD 231701 b,1.08,,141.6,,,,108.4
HD 233604 b,6.575,,192,,,,
HD 23596 b,8.1,,1565,,,,52
HD 240210 b,6.9,,501.75,,,,143
HD 240237 b,5.3,,745.7,,,,1500
HD 24040 b,4.01,,3668,,,,46.51
HD 24064 b,9.4,,555.6,,,,264.4
HD 25171 b,0.95,,1845,,,,55
HD 2638 b,0.48,1.04,3.43752,,,,53.71
HD 27442 b,1.35,,415.2,,,,18.1
HD 27631 b,1.45,,2208,,,,45.5
HD 27894 b,0.62,,17.991,,,,42.37
HD 28185 b,5.7,,383,,,,39.4
HD 28254 b,1.16,,1116,,,,56.2
HD 284149 b,32,,,,2537,,108.2
HD 285507 b,0.917,,6.0881,,,,41.3
HD 28678 b,1.7,,387.1,,,,227
HD 290327 b,2.54,,2443,,,,54.9
HD 2952 b,1.6,,311.6,,,,115.2
HD 30177 b,10.45,,2770,,,,55
HD 30562 b,1.29,,1157,,,,26.5
HD 30669 b,0.47,,1684,,,,57
HD 30856 b,1.8,,912,,,,118.1
HD 31253 b,0.5,,466,,,,53.82
HD 31527 b,0.0363,,16.546,,,,38.6
HD 31527 c,0.0498,,51.284,,,,38.6
HD 31527 d,0.0519,,274.49,,,,38.6
HD 32518 b,3.04,,157.54,,,,117.4
HD 32963 b,0.7,,2372,,,,
HD 330075 b,0.62,1.06,3.6413,,,,50.2
HD 33142 b,1.3,,326.6,,,,126
HD 33283 b,0.33,0.99,18.1801,,,,86
HD 33564 b,9.1,,388,,,,20.98
HD 33844 b,1.96,,551.4,,,,100.9
HD 33844 c,1.75,,916,,,,100.9
HD 34445 b,0.79,,1049,,,,46.5
HD 3651 b,0.2,,62.23,,,,11
HD 3651 c,0.09,,31,,,,11
HD 37124 b,0.675,,154.378,,,,33
HD 37124 c,0.652,,885.5,,,,33
HD 37124 d,0.696,,1862,,,,33
HD 37605 b,2.813,,55.01307,,,,44
HD 37605 c,3.366,,2720,,,,44
HD 38283 b,0.34,,363.2,,,,37.7
HD 38529 b,0.78,,14.3104,,,,39.28
HD 38529 c,17.7,,2134.76,,,,39.28
HD 38801 b,10.7,,696.3,,,,99.4
HD 38858 b,0.0961,,407.15,,,,15.2
HD 39091 b,10.3,,2049,,,,18.32
HD 39194 b,0.0117,,5.6363,,,,25.9
HD 39194 c,0.0187,,14.025,,,,25.9
HD 39194 d,0.0162,,33.941,,,,25.9
HD 40307 b,0.012,,4.3115,,,,12.8
HD 40307 c,6.43,,9.6207,,,,12.8
HD 40307 d,0.0275,,20.4184,,,,12.8
HD 40307 e,0.011,,34.62,,,,12.8
HD 40307 f,0.0114,,51.56,,,,12.8
HD 40307 g,0.0223,,197.8,,,,12.8
HD 40979 b,3.28,,263.1,,,,33.3
HD 41004 A b,2.54,,963,,,,42.5
HD 41004 B b,18.4,1.06,1.32363,,,,43.03
HD 4113 b,1.56,,526.62,,,,44
HD 4203 b,1.82,,437.05,,,,77.5
HD 4203 c,2.17,,6700,,,,77.5
HD 4208 b,0.8,,829,,,,33.9
HD 4308 b,0.0405,,15.609,,,,21.9
HD 4313 b,2.3,,356,,,,137
HD 43197 b,0.6,,327.8,,,,54.9
HD 43691 b,2.49,,36.96,,,,93.2
HD 44219 b,0.58,,472.3,,,,50.43
HD 45184 b,0.04,,5.8872,,,,21.9
HD 45350 b,1.79,,890.76,,,,49
HD 45364 b,0.1872,,226.93,,,,32.6
HD 45364 c,0.6579,,342.85,,,,32.6
HD 45652 b,0.47,,43.6,,,,36
HD 46375 b,0.23,1.02,3.02358,,,,33.4
HD 47186 b,0.07167,,4.0845,,,,37.84
HD 47186 c,0.35061,,1353.6,,,,37.84
HD 47366 b,1.75,,363.3,,,,80
HD 47366 c,1.86,,684.7,,,,80
HD 47536 b,5,,430,,,,121.36
HD 47536 c,7,,2500,,,,121.36
HD 48265 b,1.16,,700,,,,87.4
HD 49674 b,0.1,0.98,4.94739,,,,40.7
HD 50499 b,1.71,,2482.7,,,,47.26
HD 50554 b,5.16,,1293,,,,31.03
HD 51608 b,0.0413,,14.07,,,,34.8
HD 51608 c,0.0565,,95.415,,,,34.8
HD 52265 b,1.05,,119.6,,,,28
HD 52265 c,0.35,,59.9,,,,28
HD 5319 b,1.94,,675,,,,100
HD 5608 b,1.4,,792.6,,,,58.2
HD 564 b,0.33,,492.3,,,,54
HD 5891 b,7.6,,177.11,,,,251
HD 59686 b,5.25,,303,,,,92
HD 60532 b,3.15,,201.83,,,,25.7
HD 60532 c,7.46,,607.06,,,,25.7
HD 62509 b,2.9,,589.64,,,,10.34
HD 63454 b,0.39,1.06,2.81747,,,,35.8
HD 63765 b,0.64,,358,,,,32.6
HD 6434 b,0.39,,21.998,,,,40.32
HD 65216 b,1.26,,572.4,,,,34.3
HD 65216 c,0.17,,152.6,,,,34.3
HD 66141 b,6,,480.5,,,,80.9
HD 66428 b,2.82,,1973,,,,55
HD 67087 b,3.06,,352.2,,,,88.8
HD 67087 c,4.85,,2374,,,,88.8
HD 6718 b,1.56,,2496,,,,55.9
HD 68988 b,1.9,,6.276,,,,58
HD 69830 b,0.033,,8.667,,,,12.6
HD 69830 c,0.038,,31.56,,,,12.6
HD 69830 d,0.058,,197,,,,12.6
HD 70573 b,6.1,,851.8,,,,45.7
HD 70642 b,2,,2231,,,,28.8
HD 7199 b,0.29,,615,,,,36
HD 72659 b,3.15,,3658,,,,49.8
HD 73256 b,1.87,,2.54858,,,,36.5
HD 73267 b,3.06,,1260,,,,54.91
HD 73526 b,2.9,,188.3,,,,99
HD 73526 c,2.5,,377.8,,,,99
HD 73534 b,1.15,,1800,,,,96.99
HD 74156 b,1.778,,51.6385,,,,64.56
HD 74156 c,7.997,,2448.9,,,,64.56
HD 7449 b,1.11,,1275,,,,39
HD 7449 c,2,,4046,,,,39
HD 75289 b,0.47,1.03,3.50928,,,,28.94
HD 75898 b,2.51,,418.2,,,,80.58
HD 76700 b,0.23,0.99,3.97101,,,,59.7
HD 77338 b,0.5,,5.7561,,,,40.75
HD 7924 b,0.0273,1.05,5.39792,826,,,16.8
HD 7924 c,0.0247,,15.299,584,,,16.8
HD 7924 d,0.0203,,24.451,499,,,16.8
HD 79498 b,1.34,,1966,,,,49
HD 80606 b,3.94,0.921,111.43637,,,K,58.4
HD 81040 b,6.86,,1001.7,,,,32.56
HD 81688 b,2.7,,184.02,,,,88.26
HD 82886 b,1.3,,705,,,,125
HD 82943 b,4.8,,442.4,,,,27.46
HD 82943 c,4.78,,219.3,,,,27.46
HD 82943 d,0.29,,1078,,,,27.46
HD 83443 b,0.4,1.04,2.98572,,,,43.54
HD 8535 b,0.68,,1313,,,,52.5
HD 85390 b,0.132,,788,,,,33.96
HD 85390 c,0.2,,3700,,,,33.96
HD 85512 b,0.011,,58.43,,,,11.15
HD 8574 b,2.11,,227.55,,,,44.2
HD 86081 b,1.5,1.08,1.99809,,,,91
HD 86226 b,1.5,,1534,,,,42.48
HD 86264 b,7,,1475,,,,72.6
HD 8673 b,14.2,,1634,,,,38.25
HD 87883 b,12.1,,2754,,,,18.1
HD 88133 b,0.3,1,3.41566,,,,74.5
HD 89307 b,2,,2199,,,,30.9
HD 89744 b,7.2,,256,,,,40
HD 89744 c,3.2,,85.2,,,,40
HD 90156 b,0.057,,49.77,,,,39.6
HD 92788 b,3.86,,325.81,,,,32.82
HD 92788 c,0.9,,162,,,,32.82
HD 93083 b,0.37,,143.58,,,,28.9
HD 93385 b,0.0263,,13.186,,,,42.2
HD 93385 c,0.0318,,46.025,,,,42.2
HD 9446 b,0.7,,30.052,,,,53
HD 9446 c,1.82,,192.9,,,,53
HD 95086 b,5,,,,1000,,90.4
HD 95089 b,1.2,,507,,,,139
HD 95127 b,5.01,,482,,,,300
HD 9578 b,0.62,,494,,,,57.24
HD 95872 b,4.6,,4375,,,,7.56
HD 96063 b,0.9,,361.1,,,,158
HD 96127 b,4,,647.3,,,,540
HD 96167 b,0.68,,498.9,,,,84
HD 96700 b,0.0284,,8.1256,,,,25.6
HD 96700 c,0.04,,103.49,,,,25.6
HD 97658 b,0.0237548375,0.2004642706,9.4903,757,,,21.1
HD 98219 b,1.8,,436.9,,,,134
HD 98649 b,6.8,,4951,,,,40.3
HD 99109 b,0.502,,439.3,,,,60.5
HD 99492 b,0.109,,17.0431,,,,18
HD 99492 c,0.36,,4970,,,,18
HD 99706 b,1.4,,868,,,,129
HD169142 b,30,,,,,,145
HIP 105854 b,8.2,,184.2,,,,80.84
HIP 107773 b,1.98,,144.3,,,,106
HIP 116454 b,0.03719,0.226,9.1265,690,,,55.2
HIP 11915,0.99,,3830,,,,57.3
HIP 12961 b,0.35,,57.435,,,,23
HIP 14810 b,3.88,,6.673855,,,,52.9
HIP 14810 c,1.28,,147.73,,,,52.9
HIP 14810 d,0.57,,962,,,,52.9
HIP 5158 b,1.44,,345.63,,,,45
HIP 5158 c,15.04,,9018,,,,45
HIP 57050 b,0.298,,41.397,,,,11
HIP 57274 b,0.036,,8.1352,,,,25.92
HIP 57274 c,0.41,,32.03,,,,25.92
HIP 57274 d,0.527,,431.7,,,,25.92
HIP 63242 b,9.18,,124.6,,,,135
HIP 65891 b,6,,1084.5,,,,136
HIP 67851 b,1.38,,88.9,,,,65.96
HIP 67851 c,5.98,,2131.8,,,,65.96
HIP 70849 b,9,,10000,,,,24
HIP 73990 b,21,,,,,,125
HIP 73990 c,22,,,,,,125
HIP 74865 b,28,,,,,,115
HIP 75458 b,8.82,,510.702,,,,31.5
HIP 77900 b,20,,,2400,,,
HIP 78530 b,23.04,,,,,,156.7
HIP 79431 b,2.1,,111.7,,,,14.4
HIP 91258 b,1.068,,5.0505,,,,44.9
HIP 97233 b,20,,1058.8,,,,106.5
HN Peg b,16,1.1,,,,,18.4
HR 228 b,2.37,,360.2,,,,
HR 228 c,2.37,,2732,,,,
HR 3549 b,47.5,,,,,,92.5
HR 810 b,2.26,,320.1,,,,17.17
HR 8799 b,7,1.2,164250,,,"CH4, H2O, CO",39.4
HR 8799 c,10,1.3,82145,,,,39.4
HR 8799 d,10,1.2,41054,,,,39.4
HR 8799 e,9,,18000,,,,39.4
HU Aqr(AB) c,5.9,,5646,,,,
HW Vir (AB) b,14.3,,4640,,,,181
K2-16 b,,0.18,7.6188,658,,,324
K2-16 c,,0.227,19.07863,485,,,324
K2-19 b,0.14,0.691,7.9194,854,,,291
K2-19 c,0.05,0.434,11.90715,745,,,291
K2-3  b,0.026,0.194,10.05449,463,,,42
K2-3 c,0.0066,0.165,24.64354,344,,,42
K2-3 d,0.0349,0.135,44.5598,282,,,42
K2-8 b,,0.319,10.35239,631,,,
KELT-1 b,27.38,1.116,1.217514,2423,,,263
KELT-10 b,0.679,1.399,4.166285,1377,,,183
KELT-15 b,0.91,1.443,3.329441,,,,201
KELT-2A b,1.486,1.306,4.1137914,,,,128.9
KELT-3 b,1.418,1.333,2.7033902,,,,178
KELT-6 b,0.442,1.18,7.845582,,,,
KELT-6 c,3.71,,1276,,,,
KELT-7 b,1.28,1.533,2.7347749,2048,,,129
KELT-8 b,0.867,1.86,3.24406,1675,,,236
KIC 10001893 b,,,0.2197,,,,
KIC 10001893 d,,,0.81161,,,,
KIC 10255705 b,,0.65,707.3793,295,,,
KIC 10905746 b,,0.237,9.8844,,,,
KIC 11152511 b,,0.36,287.363,390,,,
KIC 12454613 b,,0.228,736.3819,187,,,
KIC 12557548 b,3,0.0758320561,0.653553,,,,470
KIC 5010054 b,,0.62,904.24,251,,,
KIC 5094412 b,,0.51,276.88,239,,,
KIC 5522786 b,,0.11,757.1639,362,,,
KIC 5732155 b,,1.14,644.1685,301,,,
KIC 6185331 b,,0.72,49.76971,,,,
KIC 6372194 b,,0.74,281.5848,228,,,
KIC 6436029 b,,0.274,505.45,175,,,
KIC 9632895 (AB) b,0.03,0.55,240.503,,,,
KIC 9662267 b,,0.34,466.202,236,,,
KIC 9704149 b,,0.4,697.0159,201,,,
KIC-10024862 b,,0.49,567.0445,,,,
KIC-8012732 b,,0.87,431.4681,,,,
KIC-8552719 b,,0.315,88.4075,,,,
KIC-9413313 b,,,,,,,
KMT-2015-1 b,2.2,,,,,,8200
KOI-1089.02,0.64,0.625,12.21826,,,,
KOI-1257 A b,1.45,0.94,86.647661,511,,,900
KOI-1299 c,2.63,,411,,,,874
KOI-1781 b,,0.168,3.00516,1040,,,
KOI-1843 b,0.001,0.052,0.1768913,,,,
KOI-188 b,0.25,0.978,3.79701816,1070,,,650
KOI-192 b,0.29,1.23,10.290994,1100,,,1100
KOI-195 b,0.34,1.09,3.21751883,1300,,,880
KOI-206 b,2.9,0.7,5.33,,,,
KOI-2138 b,,0.19,23.5541,,,,
KOI-2700 b,0.002705849,0.0945670346,0.910022,,,,
KOI-2828 b,,0.37,505.459,,,,
KOI-2939 b,1.52,1.52,1107.5923,,,,
KOI-368.01,,1.83,110.3216,754,,,
KOI-372 b,3.25,0.882,125.63243,,,,
KOI-372 c,0.1348,,457.57,,,,
KOI-3791 b,,0.57,440.7813,,,,
KOI-4427.01,,0.164,147.6606,,,,240
KOI-5833 b,,0.31,440.167,,,,
KOI-5929 b,,0.37,466.0001,,,,
KOI-620.02,0.0239121543,0.8653775812,130.194,381,,,
KOI-680 b,0.62,0.65,8.6,,,,
KOI-682 b,,0.88,562.70945,,,,
KOI-771 b,,1.23,670.6502,,,,
KOI-830 b,1.27,1.08,3.52563254,1070,,,730
KOI-89 b,,0.45,84.69,,,,
KOI-89 c,,0.43,207.58,,,,
Kapteyn's b,0.0151024132,,48.616,,,,3.91
Kapteyn's c,0.0220243526,,121.54,,,,3.91
Kepler-10 b,0.0104772992,0.1314,0.83749026,2169,,,173
Kepler-10 c,0.0541169808,0.2072,45.294301,584,,,173
Kepler-100 b,0.0231,0.1164,6.887037,,,,310.34
Kepler-100 c,0.0027,0.1981,12.815909,,,,310.34
Kepler-100 d,0.0094,0.1351,35.33313,,,,310.34
Kepler-101 b,,0.524,3.487691,,,,
Kepler-101 c,,0.119,6.029809,,,,
Kepler-102 b,0.0013,0.042,5.28696,792,,,
Kepler-102 c,0.009,0.052,7.07142,718,,,
Kepler-102 d,0.0082,0.104,10.3117,,,,
Kepler-102 e,0.0281,0.198,16.14569,579,,,
Kepler-102 f,0.002,0.079,27.4536,457,,,
Kepler-103 b,0.031,0.3101,15.965316,,,,473.56
Kepler-103 c,0.114,0.4745,179.6133,,,,473.56
Kepler-104 b,,0.277,11.427548,,,,
Kepler-104 c,,0.279,23.668205,,,,
Kepler-104 d,,0.319,51.755394,,,,
Kepler-105 c,,0.144,7.125939,,,,
Kepler-106 b,0.00047,0.073,6.16486,,,,
Kepler-106 c,0.03285,0.223,13.5708,,,,
Kepler-106 d,0.025,0.085,23.9802,,,,
Kepler-106 e,0.03514,0.228,43.8445,,,,
Kepler-107 b,,0.141,3.180026,,,,
Kepler-107 c,,0.1485,4.901441,,,,
Kepler-107 d,,0.09492,7.95825,,,,
Kepler-107 e,,0.261,14.749176,,,,
Kepler-108 b,,0.8529,49.18354,,,,
Kepler-108 c,,0.734,190.323494,,,,
Kepler-109 b,0.0041,0.2086,6.481637,,,,464.73
Kepler-109 c,0.00698,0.235,21.22262,,,,464.73
Kepler-11 b,0.0059780386,0.1605855305,10.30375,,,,
Kepler-11 c,0.0091243747,0.256044707,13.02502,,,,
Kepler-11 d,0.0229682535,0.2783482529,22.68719,,,,
Kepler-11 e,0.03,0.374,31.9959,,,,
Kepler-11 f,0.0062926722,0.2221433172,46.68876,,,,
Kepler-11 g,0.95,0.3274,118.37774,,,,
Kepler-110 b,,0.163,12.691112,,,,
Kepler-110 c,,0.197,31.719775,,,,
Kepler-111 b,,0.141,3.341815,,,,
Kepler-111 c,,0.651,224.784608,,,,
Kepler-112 b,,0.211,8.408878,,,,
Kepler-112 c,,0.214,28.574263,,,,
Kepler-113 b,0.0368,0.162,4.754,,,,
Kepler-113 c,0.027,0.194,8.92507,,,,
Kepler-114 b,0.0220243526,0.1052727367,5.188548,722,,,
Kepler-114 c,0.1258534437,0.143,8.041,623,,,
Kepler-114 d,0.0151,0.226,11.776,549,,,
Kepler-115 b,,0.097,2.403679,,,,
Kepler-115 c,,0.232,8.990889,,,,
Kepler-116 b,,0.305,5.968734,,,,
Kepler-116 c,,0.205,13.07163,,,,
Kepler-117 b,,0.697,18.795952,,,,
Kepler-117 c,,1.008,50.790412,,,,
Kepler-118 b,,0.175,7.518496,,,,
Kepler-118 c,,0.685,20.17202,,,,
Kepler-119 b,,0.321,2.422082,,,,
Kepler-119 c,,0.082,4.125103,,,,
Kepler-12 b,0.431,1.695,4.4379637,1477,,,
Kepler-120 b,,0.192,6.312501,,,,
Kepler-120 c,,0.136,12.794585,,,,
Kepler-121 b,,0.209,3.177422,,,,
Kepler-121 c,,0.203,41.008011,,,,
Kepler-122 b,,0.209,5.766193,,,,
Kepler-122 c,,0.524,12.465988,,,,
Kepler-122 d,,0.196,21.587475,,,,
Kepler-122 e,,0.232,37.993273,,,,
Kepler-123 b,,0.262,17.232366,,,,
Kepler-123 c,,0.132,26.695074,,,,
Kepler-124 b,,0.065,3.410493,,,,
Kepler-124 c,,0.156,13.821375,,,,
Kepler-124 d,,0.099,30.950851,,,,
Kepler-125 b,,0.211,4.164389,,,,
Kepler-125 c,,0.066,5.774464,,,,
Kepler-126 b,,0.1284,10.495634,,,,
Kepler-126 c,,0.1336,21.86964,,,,
Kepler-126 d,,0.2242,100.28208,,,,
Kepler-127 b,,0.136,14.43577,,,,
Kepler-127 c,,0.2131,29.39344,,,,
Kepler-127 d,,0.238,48.62997,,,,
Kepler-128 b,0.0941,0.101,15.09,,,,
Kepler-128 c,0.104,0.101,22.804,,,,
Kepler-129 b,,0.2149,15.791619,,,,
Kepler-129 c,,0.225,82.20017,,,,
Kepler-13 b,6.5,1.406,1.7633587,,2750,,
Kepler-130 b,,0.08707,8.4572,,,,
Kepler-130 c,,0.2508,27.508686,,,,
Kepler-130 d,,0.117,87.5211,,,,
Kepler-131 b,0.05075,0.215,16.092,,,,
Kepler-131 c,0.026,0.075,25.516,,,,
Kepler-132 b,,0.108,6.178196,,,,
Kepler-132 c,,0.114,6.414914,,,,
Kepler-132 d,,0.138,18.010199,,,,
Kepler-133 b,,0.157,8.129976,,,,
Kepler-133 c,,0.253,31.517586,,,,
Kepler-134 b,,0.178,5.317429,,,,
Kepler-134 c,,0.112,10.105785,,,,
Kepler-135 b,,0.161,6.00253,,,,
Kepler-135 c,,0.103,11.448708,,,,
Kepler-136 b,,0.183,11.5789,,,,
Kepler-136 c,,0.178,16.399235,,,,
Kepler-137 b,,0.131,8.436387,,,,
Kepler-137 c,,0.168,18.735753,,,,
Kepler-138 b,0.00021,0.052,10.31320643,,,,
Kepler-138 c,0.00318,0.144,13.78164,,,,
Kepler-138 d,0.0031777995,0.1436348356,23.08933,431,,,
Kepler-139 b,,0.262,15.771044,,,,
Kepler-139 c,,0.302,157.072878,,,,
Kepler-14 b,8.4,1.136,6.790123,1573,,,980
Kepler-140 b,,0.144,3.25427,,,,
Kepler-140 c,,0.161,91.353282,,,,
Kepler-141 b,,0.062,3.107675,,,,
Kepler-141 c,,0.126,7.010606,,,,
Kepler-142 b,,0.178,2.024152,,,,
Kepler-142 c,,0.255,4.761702,,,,
Kepler-142 d,,0.193,41.809118,,,,
Kepler-143 b,,0.215,16.007583,,,,
Kepler-143 c,,0.301,27.082511,,,,
Kepler-144 b,,0.119,5.885273,,,,
Kepler-144 c,,0.12,10.104665,,,,
Kepler-145 b,0.108,0.228,22.95102,,,,584.1
Kepler-145 c,0.234,0.35,42.88254,,,,584.1
Kepler-146 b,,0.331,31.158799,,,,
Kepler-146 c,,0.279,76.732171,,,,
Kepler-147 b,,0.136,12.610584,,,,
Kepler-147 c,,0.217,33.416423,,,,
Kepler-148 b,,0.161,1.729366,,,,
Kepler-148 c,,0.321,4.180043,,,,
Kepler-149 b,,0.376,29.198943,,,,
Kepler-149 c,,0.144,55.328328,,,,
Kepler-149 d,,0.353,160.018032,,,,
Kepler-15 b,0.66,0.96,4.942782,1225,,,
Kepler-150 b,,0.112,3.428054,,,,
Kepler-150 c,,0.329,7.381998,,,,
Kepler-150 d,,0.249,12.56093,,,,
Kepler-150 e,,0.278,30.826557,,,,
Kepler-151 b,,0.273,15.228958,,,,
Kepler-151 c,,0.186,24.674612,,,,
Kepler-152 b,,0.249,18.207973,,,,
Kepler-152 c,,0.213,88.255055,,,,
Kepler-153 b,,0.261,18.870227,,,,
Kepler-153 c,,0.226,46.90232,,,,
Kepler-154 b,,0.202,33.040532,,,,
Kepler-154 c,,0.263,62.303276,,,,
Kepler-155 b,,0.186,5.931194,,,,
Kepler-155 c,,0.2,52.661793,,,,
Kepler-156 b,,0.205,4.973456,,,,
Kepler-156 c,,0.227,15.906801,,,,
Kepler-157 b,,0.118,1.732342,,,,
Kepler-157 c,,0.2,13.5405,,,,
Kepler-158 b,,0.189,16.709184,,,,
Kepler-158 c,,0.17,28.551383,,,,
Kepler-159 b,,0.212,10.139623,,,,
Kepler-159 c,,0.304,43.595792,,,,
Kepler-16 (AB) b,0.333,0.7538,228.776,,,,
Kepler-160 b,,0.137,4.309427,,,,
Kepler-160 c,,0.322,13.699087,,,,
Kepler-161 b,,0.189,4.921355,,,,
Kepler-161 c,,0.183,7.06424,,,,
Kepler-162 b,,0.112,6.919798,,,,
Kepler-162 c,,0.27,19.446355,,,,
Kepler-163 b,,0.094,7.810937,,,,
Kepler-163 c,,0.202,21.347262,,,,
Kepler-164 b,,0.126,5.03503,,,,
Kepler-164 c,,0.244,10.945723,,,,
Kepler-164 d,,0.219,28.986769,,,,
Kepler-165 b,,0.207,8.180848,,,,
Kepler-165 c,,0.199,15.31299,,,,
Kepler-166 b,,0.203,7.650254,,,,
Kepler-166 c,,0.212,34.260281,,,,
Kepler-167 b,,0.129,4.393147,,,,
Kepler-167 c,,0.122,7.406097,,,,
Kepler-168 b,,0.13,4.425391,,,,
Kepler-168 c,,0.24,13.193242,,,,
Kepler-169 b,,0.101,3.250619,,,,
Kepler-169 c,,0.108,6.195469,,,,
Kepler-169 d,,0.112,8.348125,,,,
Kepler-169 e,,0.196,13.767102,,,,
Kepler-169 f,,0.23,87.090195,,,,
Kepler-17 b,2.45,1.312,1.4857108,1655,,,800
Kepler-170 b,,0.285,7.930592,,,,
Kepler-170 c,,0.255,16.665863,,,,
Kepler-171 b,,0.209,4.166972,,,,
Kepler-171 c,,0.228,11.463462,,,,
Kepler-171 d,,0.169,39.595519,,,,
Kepler-172 b,,0.21,2.940309,,,,
Kepler-172 c,,0.255,6.388996,,,,
Kepler-172 d,,0.201,14.627119,,,,
Kepler-172 e,,0.246,35.118736,,,,
Kepler-173 b,,0.115,4.263742,,,,
Kepler-173 c,,0.217,8.005777,,,,
Kepler-174 b,,0.175,13.98179,,,,
Kepler-174 c,,0.133,44.000529,,,,
Kepler-174 d,,0.195,247.35373,,,,
Kepler-175 b,,0.228,11.903515,,,,
Kepler-175 c,,0.277,34.035257,,,,
Kepler-176 b,,0.128,5.433074,,,,
Kepler-176 c,,0.232,12.759712,,,,
Kepler-176 d,,0.224,25.751974,,,,
Kepler-177 b,0.00535,0.259,35.855,,,,
Kepler-177 c,0.0198,0.635,49.412,,,,
Kepler-178 b,,0.259,9.576694,,,,
Kepler-178 c,,0.257,20.552802,,,,
Kepler-178 d,,0.352,96.678988,,,,
Kepler-179 b,,0.146,2.735926,,,,
Kepler-179 c,,0.178,6.40013,,,,
Kepler-18 b,0.0216153289,0.1784283673,3.504725,,,,
Kepler-18 c,0.0541169808,0.4888937263,7.64159,,,,
Kepler-18 d,0.0512852783,0.6218228599,14.85888,,,,
Kepler-180 b,,0.134,13.817124,,,,
Kepler-180 c,,0.269,41.885775,,,,
Kepler-181 b,,0.113,3.137873,,,,
Kepler-181 c,,0.178,4.302149,,,,
Kepler-182 b,,0.23,9.825792,,,,
Kepler-182 c,,0.306,20.684342,,,,
Kepler-183 b,,0.184,5.687945,,,,
Kepler-183 c,,0.203,11.637071,,,,
Kepler-184 b,,0.211,10.687576,,,,
Kepler-184 c,,0.176,20.303005,,,,
Kepler-184 d,,0.222,29.022358,,,,
Kepler-185 b,,0.104,1.6329,,,,
Kepler-185 c,,0.18,20.729042,,,,
Kepler-186 b,,0.102,3.886803,,,,151
Kepler-186 c,,0.12,7.267277,,,,151
Kepler-186 d,,0.139,13.343058,,,,151
Kepler-186 e,,0.119,22.407793,,,,151
Kepler-186 f,,0.0990277438,129.9459,,,,151
Kepler-187 b,,0.126,4.938864,,,,
Kepler-187 c,,0.238,10.640263,,,,
Kepler-188 b,,0.15,2.061897,,,,
Kepler-188 c,,0.285,5.996553,,,,
Kepler-189 b,,0.108,10.399931,,,,
Kepler-189 c,,0.212,20.134866,,,,
Kepler-19 b,0.064,0.198,9.2869944,,,,
Kepler-190 b,,0.139,2.019999,,,,
Kepler-190 c,,0.13,3.763024,,,,
Kepler-191 b,,0.12,9.939632,,,,
Kepler-191 c,,0.166,17.738506,,,,
Kepler-192 b,,0.244,9.926746,,,,
Kepler-192 c,,0.249,21.2234,,,,
Kepler-193 b,,0.213,11.38848,,,,
Kepler-193 c,,0.245,50.697494,,,,
Kepler-194 b,,0.135,2.092281,,,,
Kepler-194 c,,0.231,17.308032,,,,
Kepler-194 d,,0.214,52.814973,,,,
Kepler-195 b,,0.181,8.307872,,,,
Kepler-195 c,,0.138,34.096863,,,,
Kepler-196 b,,0.17,20.739886,,,,
Kepler-196 c,,0.2,47.427737,,,,
Kepler-197 b,,0.09492,5.599293,,,,
Kepler-197 c,0.017,0.1078,10.349711,,,,
Kepler-197 d,,0.111,15.67787,,,,
Kepler-197 e,,0.0877,25.2097,,,,
Kepler-198 b,,0.252,17.790037,,,,
Kepler-198 c,,0.22,49.567416,,,,
Kepler-199 b,,0.277,23.637604,,,,
Kepler-199 c,,0.29,67.093408,,,,
Kepler-20 b,0.02658654,0.1695069489,3.6961219,,,,290
Kepler-20 c,0.0493974766,0.2729954019,10.854092,,,,290
Kepler-20 d,0.06,0.25,77.61185,,,,290
Kepler-20 e,0.0097,0.078,6.098493,,,,290
Kepler-20 f,0.045,0.09,19.57706,,,,290
Kepler-200 b,,0.19,8.594805,,,,
Kepler-200 c,,0.142,10.222157,,,,
Kepler-201 b,,0.219,25.672083,,,,
Kepler-201 c,,0.254,151.884058,,,,
Kepler-202 b,,0.145,4.069427,,,,
Kepler-202 c,,0.165,16.282493,,,,
Kepler-203 b,,0.229,3.162697,,,,
Kepler-203 c,,0.22,5.370647,,,,
Kepler-203 d,,0.128,11.32972,,,,
Kepler-204 b,,0.226,14.400974,,,,
Kepler-204 c,,0.16,25.660593,,,,
Kepler-205 b,,0.135,2.75564,,,,
Kepler-205 c,,0.146,20.306546,,,,
Kepler-206 b,,0.107,7.781987,,,,
Kepler-206 c,,0.158,13.137471,,,,
Kepler-206 d,,0.106,23.44281,,,,
Kepler-207 b,,0.14,1.611865,,,,
Kepler-207 c,,0.134,3.071571,,,,
Kepler-207 d,,0.295,5.868075,,,,
Kepler-208 b,,0.145,4.22864,,,,
Kepler-208 c,,0.124,7.466623,,,,
Kepler-208 d,,0.107,11.131786,,,,
Kepler-208 e,,0.132,16.259458,,,,
Kepler-209 b,,0.202,16.087845,,,,
Kepler-209 c,,0.277,41.749882,,,,
Kepler-21 b,0.033,0.1459,2.785755,,,,108
Kepler-210 b,,0.3419,2.4532,,,,
Kepler-210 c,,0.436,7.9725,,,,
Kepler-211 b,,0.112,4.138575,,,,
Kepler-211 c,,0.115,6.04045,,,,
Kepler-212 b,,0.097,16.257582,,,,
Kepler-212 c,,0.244,31.805174,,,,
Kepler-213 b,,0.145,2.46236,,,,
Kepler-213 c,,0.209,4.822962,,,,
Kepler-214 b,,0.233,15.660544,,,,
Kepler-214 c,,0.19,28.7798,,,,
Kepler-215 b,,0.145,9.360672,,,,
Kepler-215 c,,0.158,14.667108,,,,
Kepler-215 d,,0.213,30.864423,,,,
Kepler-215 e,,0.156,68.16101,,,,
Kepler-216 b,,0.21,7.693641,,,,
Kepler-216 c,,0.271,17.406669,,,,
Kepler-217 b,,0.199,5.374943,,,,
Kepler-217 c,,0.165,8.586004,,,,
Kepler-218 b,,0.132,3.619337,,,,
Kepler-218 c,,0.28,44.699576,,,,
Kepler-219 b,,0.263,4.585512,,,,
Kepler-219 c,,0.319,22.714613,,,,
Kepler-219 d,,0.251,47.903645,,,,
Kepler-22 b,0.11,0.21,289.8623,,,,190
Kepler-220 b,,0.072,4.159807,,,,
Kepler-220 c,,0.14,9.034199,,,,
Kepler-220 d,,0.087,28.122397,,,,
Kepler-220 e,,0.119,45.902733,,,,
Kepler-221 b,,0.153,2.795906,,,,
Kepler-221 c,,0.261,5.690586,,,,
Kepler-221 d,,0.244,10.04156,,,,
Kepler-221 e,,0.235,18.369917,,,,
Kepler-222 b,,0.282,3.936981,,,,
Kepler-222 c,,0.414,10.08881,,,,
Kepler-222 d,,0.329,28.081912,,,,
Kepler-223 b,,0.151,7.384108,,,,
Kepler-223 c,,0.178,9.848183,,,,
Kepler-223 d,,0.266,14.788759,,,,
Kepler-223 e,,0.214,19.721734,,,,
Kepler-224 b,,0.124,3.132924,,,,
Kepler-224 c,,0.278,5.925003,,,,
Kepler-224 d,,0.205,11.349393,,,,
Kepler-224 e,,0.176,18.643577,,,,
Kepler-225 b,,0.107,6.738975,,,,
Kepler-225 c,,0.164,18.794234,,,,
Kepler-226 b,,0.138,3.940997,,,,
Kepler-226 c,,0.203,5.349555,,,,
Kepler-226 d,,0.109,8.109044,,,,
Kepler-227 b,,0.277,9.488015,,,,
Kepler-227 c,,0.271,54.418694,,,,
Kepler-228 b,,0.136,2.566546,,,,
Kepler-228 c,,0.241,4.134444,,,,
Kepler-228 d,,0.36,11.094286,,,,
Kepler-229 b,,0.196,6.252972,,,,
Kepler-229 c,,0.439,16.068638,,,,
Kepler-229 d,,0.343,41.194912,,,,
Kepler-23 b,0.0478,0.1511,7.106995,,,,
Kepler-23 c,0.189,0.278,10.742434,,,,
Kepler-23 d,0.055,0.1994,15.27429,,,,
Kepler-230 b,,0.38,32.625555,,,,
Kepler-230 c,,0.182,91.773242,,,,
Kepler-231 b,,0.154,10.065275,,,,
Kepler-231 c,,0.172,19.271566,,,,
Kepler-232 b,,0.275,4.431222,,,,
Kepler-232 c,,0.342,11.379349,,,,
Kepler-233 b,,0.217,8.472382,,,,
Kepler-233 c,,0.242,60.418955,,,,
Kepler-234 b,,0.33,2.711506,,,,
Kepler-234 c,,0.313,7.21205,,,,
Kepler-235 b,,0.199,3.340222,,,,
Kepler-235 c,,0.114,7.824904,,,,
Kepler-235 d,,0.183,20.060548,,,,
Kepler-235 e,,0.198,46.183669,,,,
Kepler-236 b,,0.14,8.295611,,,,
Kepler-236 c,,0.178,23.968127,,,,
Kepler-237 b,,0.126,4.715106,,,,
Kepler-237 c,,0.186,8.103636,,,,
Kepler-238 b,,0.154,2.090876,,,,
Kepler-238 c,,0.213,6.155557,,,,
Kepler-238 d,,0.274,13.233549,,,,
Kepler-238 e,0.626,0.501,23.654,,,,
Kepler-238 f,0.056,0.179,50.447,,,,
Kepler-239 b,,0.208,11.763051,,,,
Kepler-239 c,,0.224,56.228098,,,,
Kepler-24 b,1.6,0.21,8.1453,,,,
Kepler-24 c,1.6,0.25,12.3335,,,,
Kepler-240 b,,0.122,4.144495,,,,
Kepler-240 c,,0.196,7.953528,,,,
Kepler-241 b,,0.208,12.718092,,,,
Kepler-241 c,,0.229,36.065978,,,,
Kepler-242 b,,0.233,8.20395,,,,
Kepler-242 c,,0.178,14.496481,,,,
Kepler-243 b,,0.219,5.715442,,,,
Kepler-243 c,,0.178,20.026218,,,,
Kepler-244 b,,0.246,4.311792,,,,
Kepler-244 c,,0.183,9.767292,,,,
Kepler-244 d,,0.206,20.050401,,,,
Kepler-245 b,,0.229,7.49019,,,,
Kepler-245 c,,0.194,17.460812,,,,
Kepler-245 d,,0.27,36.277108,,,,
Kepler-246 b,,0.209,4.60182,,,,
Kepler-246 c,,0.134,11.187161,,,,
Kepler-247 b,,0.146,3.33616,,,,
Kepler-247 c,,0.365,9.439452,,,,
Kepler-247 d,,0.352,20.477912,,,,
Kepler-248 b,,0.269,6.308205,,,,
Kepler-248 c,,0.363,16.239494,,,,
Kepler-249 b,,0.097,3.306539,,,,
Kepler-249 c,,0.135,7.113702,,,,
Kepler-249 d,,0.14,15.368459,,,,
Kepler-25 b,0.028,0.2411,6.2385369,,,,
Kepler-25 c,0.045,0.4598,12.7203678,,,,
Kepler-25 d,0.2828556146,,123,,,,
Kepler-250 b,,0.101,4.148141,,,,
Kepler-250 c,,0.203,7.156804,,,,
Kepler-250 d,,0.194,17.648312,,,,
Kepler-251 b,,0.119,4.790936,,,,
Kepler-251 c,,0.247,16.514043,,,,
Kepler-251 d,,0.247,30.133001,,,,
Kepler-251 e,,0.247,99.640161,,,,
Kepler-252 b,,0.11,6.668391,,,,
Kepler-252 c,,0.192,10.848463,,,,
Kepler-253 b,,0.145,3.783986,,,,
Kepler-253 c,,0.236,10.281951,,,,
Kepler-253 d,,0.283,18.119869,,,,
Kepler-254 b,,0.345,5.826662,,,,
Kepler-254 c,,0.192,12.412183,,,,
Kepler-254 d,,0.223,18.746477,,,,
Kepler-255 b,,0.138,5.714606,,,,
Kepler-255 c,,0.267,9.946047,,,,
Kepler-256 b,,0.142,1.620493,,,,
Kepler-256 c,,0.192,3.38802,,,,
Kepler-256 d,,0.221,5.839172,,,,
Kepler-256 e,,0.21,10.681572,,,,
Kepler-257 b,,0.233,2.382667,,,,
Kepler-257 c,,0.483,6.581484,,,,
Kepler-257 d,,0.442,24.664551,,,,
Kepler-258 b,,0.362,13.19722,,,,
Kepler-258 c,,0.322,33.653079,,,,
Kepler-259 b,,0.25,8.115317,,,,
Kepler-259 c,,0.241,36.924931,,,,
Kepler-26 b,0.38,0.32,12.2829,,,,
Kepler-26 c,0.375,0.32,17.2513,,,,
Kepler-26 e,,0.215,46.827915,,,,
Kepler-260 b,,0.179,8.187399,,,,
Kepler-260 c,,0.155,76.050178,,,,
Kepler-261 b,,0.194,10.381227,,,,
Kepler-261 c,,0.178,24.570858,,,,
Kepler-262 b,,0.121,13.060855,,,,
Kepler-262 c,,0.146,21.853722,,,,
Kepler-263 b,,0.238,16.568087,,,,
Kepler-263 c,,0.22,47.332773,,,,
Kepler-264 b,,0.297,40.806231,,,,
Kepler-264 c,,0.252,140.101261,,,,
Kepler-265 b,,0.166,6.846262,,,,
Kepler-265 c,,0.235,17.028937,,,,
Kepler-265 d,,0.222,43.130617,,,,
Kepler-265 e,,0.231,67.831024,,,,
Kepler-266 b,,0.221,6.61833,,,,
Kepler-266 c,,0.347,107.723601,,,,
Kepler-267 b,,0.177,3.353728,,,,
Kepler-267 c,,0.19,6.87745,,,,
Kepler-267 d,,0.203,28.464515,,,,
Kepler-268 b,,0.227,25.934138,,,,
Kepler-268 c,,0.302,83.446393,,,,
Kepler-269 b,,0.22,5.326718,,,,
Kepler-269 c,,0.151,8.127899,,,,
Kepler-27 b,9.11,0.36,15.3348,,,,
Kepler-27 c,13.8,0.44,31.3309,,,,
Kepler-270 b,,0.179,11.476094,,,,
Kepler-270 c,,0.158,25.262887,,,,
Kepler-271 b,,0.079,5.217738,,,,
Kepler-271 c,,0.089,7.410935,,,,
Kepler-272 b,,0.128,2.971353,,,,
Kepler-272 c,,0.16,6.057342,,,,
Kepler-272 d,,0.201,10.937304,,,,
Kepler-273 b,,0.134,2.936532,,,,
Kepler-273 c,,0.177,8.014927,,,,
Kepler-274 b,,0.137,11.634788,,,,
Kepler-274 c,,0.164,33.197861,,,,
Kepler-275 b,,0.209,10.300682,,,,
Kepler-275 c,,0.302,16.088134,,,,
Kepler-275 d,,0.297,35.676062,,,,
Kepler-276 b,,0.256,14.12841,,,,
Kepler-276 c,0.045,0.259,31.884,,,,
Kepler-276 d,0.044,0.25,48.648,,,,
Kepler-277 b,0.28,0.261,17.324,,,,
Kepler-277 c,0.21,0.3,33.006,,,,
Kepler-278 b,,0.409,30.15856,,,,
Kepler-278 c,,0.295,51.0851,,,,
Kepler-279 b,,0.323,12.309681,,,,
Kepler-279 c,0.171,0.385,35.736,,,,
Kepler-279 d,0.13,0.277,54.414,,,,
Kepler-28 b,1.51,0.32,5.9123,,,,
Kepler-28 c,1.36,0.3,8.9858,,,,
Kepler-280 b,,0.129,2.139542,,,,
Kepler-280 c,,0.179,4.807091,,,,
Kepler-281 b,,0.252,14.646008,,,,
Kepler-281 c,,0.474,36.337373,,,,
Kepler-282 b,,0.09,9.220524,,,,
Kepler-282 c,,0.107,13.638723,,,,
Kepler-282 d,0.204,0.22,24.806,,,,
Kepler-282 e,0.192,0.277,44.347,,,,
Kepler-283 b,,0.19,11.008151,,,,
Kepler-283 c,,0.162,92.743711,,,,
Kepler-284 b,,0.2,12.699149,,,,
Kepler-284 c,,0.233,37.514456,,,,
Kepler-285 b,,0.12,2.633867,,,,
Kepler-285 c,,0.1,6.186676,,,,
Kepler-286 b,,0.111,1.796302,,,,
Kepler-286 c,,0.122,3.468095,,,,
Kepler-286 d,,0.119,5.914323,,,,
Kepler-286 e,,0.158,29.221289,,,,
Kepler-287 b,,0.208,20.342199,,,,
Kepler-287 c,,0.291,44.851896,,,,
Kepler-288 b,,0.149,6.097326,,,,
Kepler-288 c,,0.254,19.305772,,,,
Kepler-288 d,,0.238,56.633742,,,,
Kepler-289 b,,0.217,34.543901,,,,
Kepler-289 c,,1.163,125.866438,,,,
Kepler-29 b,0.4,0.32,10.3376,,,,
Kepler-29 c,0.3,0.26,13.2907,,,,
Kepler-290 b,,0.201,14.589347,,,,
Kepler-290 c,,0.241,36.77031,,,,
Kepler-291 b,,0.193,3.546511,,,,
Kepler-291 c,,0.168,5.700786,,,,
Kepler-292 b,,0.118,2.580827,,,,
Kepler-292 c,,0.131,3.715335,,,,
Kepler-292 d,,0.199,7.055679,,,,
Kepler-292 e,,0.238,11.97901,,,,
Kepler-292 f,,0.21,20.834237,,,,
Kepler-293 b,,0.274,19.254196,,,,
Kepler-293 c,,0.342,54.155743,,,,
Kepler-294 b,,0.158,3.701212,,,,
Kepler-294 c,,0.242,6.6264,,,,
Kepler-295 b,,0.109,12.645164,,,,
Kepler-295 c,,0.104,21.526258,,,,
Kepler-295 d,,0.121,33.884054,,,,
Kepler-296 b,,0.084,3.621457,,,,
Kepler-296 c,,0.192,5.841648,,,,
Kepler-296 d,,0.203,19.850242,,,,
Kepler-296 e,,0.156,34.142347,,,,
Kepler-296 f,,0.16,63.335879,,,,
Kepler-297 b,,0.256,38.871826,,,,
Kepler-297 c,,0.583,74.920137,,,,
Kepler-298 b,,0.175,10.475464,,,,
Kepler-298 c,,0.172,22.92881,,,,
Kepler-298 d,,0.223,77.473633,,,,
Kepler-299 b,,0.118,2.927128,,,,
Kepler-299 c,,0.236,6.885875,,,,
Kepler-299 d,,0.166,15.054786,,,,
Kepler-299 e,,0.167,38.285489,,,,
Kepler-30 b,0.036,0.35,29.334,,,,
Kepler-30 c,2.01,1.1,60.3231,,,,
Kepler-30 d,0.073,0.79,143.343,,,,
Kepler-300 b,,0.149,10.446347,,,,
Kepler-300 c,,0.201,40.714955,,,,
Kepler-301 b,,0.12,2.508553,,,,
Kepler-301 c,,0.12,5.419026,,,,
Kepler-301 d,,0.156,13.751243,,,,
Kepler-302 b,,0.362,30.184104,,,,
Kepler-302 c,,1.111,127.282184,,,,
Kepler-303 b,,0.079,1.937055,,,,
Kepler-303 c,,0.102,7.061149,,,,
Kepler-304 b,,0.255,3.295709,,,,
Kepler-304 c,,0.194,5.315946,,,,
Kepler-304 d,,0.245,9.653471,,,,
Kepler-305 b,0.0356,0.322,5.487,,,,
Kepler-305 c,0.0192,0.295,8.291,,,,
Kepler-305 d,,0.242,16.738661,,,,
Kepler-306 b,,0.136,4.646186,,,,
Kepler-306 c,,0.21,7.240193,,,,
Kepler-306 d,,0.22,17.326644,,,,
Kepler-306 e,,0.203,44.840975,,,,
Kepler-307 b,0.0079,0.286,10.416,,,,
Kepler-307 c,0.0038,0.25,13.084,,,,
Kepler-308 b,,0.189,9.694928,,,,
Kepler-308 c,,0.193,15.38231,,,,
Kepler-309 b,,0.139,5.923653,,,,
Kepler-309 c,,0.224,105.356383,,,,
Kepler-31 b,,0.38,20.8613,,,,
Kepler-31 c,4.7,0.38,42.6318,,,,
Kepler-31 d,,0.407,87.648901,,,,
Kepler-310 b,,0.106,13.930698,,,,
Kepler-310 c,,0.302,56.47542,,,,
Kepler-310 d,,0.22,92.876125,,,,
Kepler-311 b,,0.152,9.176092,,,,
Kepler-311 c,,0.128,19.738286,,,,
Kepler-312 b,,0.115,1.772419,,,,
Kepler-312 c,,0.281,19.747412,,,,
Kepler-313 b,,0.226,14.970418,,,,
Kepler-313 c,,0.229,32.273273,,,,
Kepler-314 b,,0.074,2.461069,,,,
Kepler-314 c,,0.259,5.960392,,,,
Kepler-315 b,,0.336,96.101141,,,,
Kepler-315 c,,0.37,265.469335,,,,
Kepler-316 b,,0.095,2.240508,,,,
Kepler-316 c,,0.103,6.827766,,,,
Kepler-317 b,,0.186,5.524242,,,,
Kepler-317 c,,0.153,8.77501,,,,
Kepler-318 b,,0.42,4.662715,,,,
Kepler-318 c,,0.328,11.815007,,,,
Kepler-319 b,,0.145,4.362705,,,,
Kepler-319 c,,0.235,6.941357,,,,
Kepler-319 d,,0.204,31.781925,,,,
Kepler-32 b,4.1,0.37,5.90124,,,,
Kepler-32 c,0.5,0.33,8.7522,,,,
Kepler-320 b,,0.102,8.371554,,,,
Kepler-320 c,,0.122,17.934937,,,,
Kepler-321 b,,0.158,4.915379,,,,
Kepler-321 c,,0.207,13.093921,,,,
Kepler-322 b,,0.09,1.653888,,,,
Kepler-322 c,,0.149,4.337234,,,,
Kepler-323 b,,0.128,1.678327,,,,
Kepler-323 c,,0.145,3.553822,,,,
Kepler-324 b,,0.102,4.385315,,,,
Kepler-324 c,,0.281,51.805612,,,,
Kepler-325 b,,0.26,4.544439,,,,
Kepler-325 c,,0.227,12.762172,,,,
Kepler-325 d,,0.249,38.715185,,,,
Kepler-326 b,,0.136,2.248329,,,,
Kepler-326 c,,0.125,4.580358,,,,
Kepler-326 d,,0.108,6.766888,,,,
Kepler-327 b,,0.099,2.549575,,,,
Kepler-327 c,,0.092,5.212333,,,,
Kepler-327 d,,0.154,13.969457,,,,
Kepler-328 b,0.069,0.206,34.921,,,,
Kepler-328 c,0.1,0.483,71.312,,,,
Kepler-329 b,,0.125,7.416397,,,,
Kepler-329 c,,0.172,18.684737,,,,
Kepler-33 b,,0.16,5.66793,,,,
Kepler-33 c,,0.29,13.17562,,,,
Kepler-33 d,,0.48,21.77596,,,,
Kepler-33 e,,0.36,31.7844,,,,
Kepler-33 f,,0.4,41.02902,,,,
Kepler-330 b,,0.12,8.25978,,,,
Kepler-330 c,,0.174,15.955387,,,,
Kepler-331 b,,0.162,8.457496,,,,
Kepler-331 c,,0.164,17.28111,,,,
Kepler-331 d,,0.146,32.134328,,,,
Kepler-332 b,,0.104,7.626324,,,,
Kepler-332 c,,0.097,15.995622,,,,
Kepler-332 d,,0.105,34.21154,,,,
Kepler-333 b,,0.118,12.551158,,,,
Kepler-333 c,,0.099,24.08821,,,,
Kepler-334 b,,0.1,5.470319,,,,
Kepler-334 c,,0.128,12.758005,,,,
Kepler-334 d,,0.126,25.09849,,,,
Kepler-335 b,,0.302,6.562331,,,,
Kepler-335 c,,0.274,67.844469,,,,
Kepler-336 b,,0.091,2.024823,,,,
Kepler-336 c,,0.187,9.600001,,,,
Kepler-336 d,,0.211,20.678772,,,,
Kepler-337 b,,0.137,3.292781,,,,
Kepler-337 c,,0.183,9.693201,,,,
Kepler-338 b,0.0963,0.23,13.72699,,,,
Kepler-338 c,,0.221,24.31168,,,,
Kepler-338 d,,0.237,44.4287,,,,
Kepler-338 e,0.027,0.1416,9.34149,,,,
Kepler-339 b,,0.127,4.977656,,,,
Kepler-339 c,,0.103,6.988055,,,,
Kepler-339 d,,0.104,10.558345,,,,
Kepler-34(AB)  b,0.2199288928,0.7636734119,288.822,,,,1499
Kepler-340 b,,0.226,14.844387,,,,
Kepler-340 c,,0.301,22.824669,,,,
Kepler-341 b,,0.105,5.195528,,,,
Kepler-341 c,,0.152,8.01041,,,,
Kepler-341 d,,0.165,27.666313,,,,
Kepler-341 e,,0.178,42.473269,,,,
Kepler-342 b,,0.201,15.170318,,,,
Kepler-342 c,,0.175,26.234138,,,,
Kepler-342 d,,0.222,39.459357,,,,
Kepler-343 b,,0.215,8.96855,,,,
Kepler-343 c,,0.18,23.22182,,,,
Kepler-344 b,,0.233,21.963945,,,,
Kepler-344 c,,0.263,125.596809,,,,
Kepler-345 b,,0.066,7.415563,,,,
Kepler-345 c,,0.107,9.387427,,,,
Kepler-346 b,,0.237,6.511127,,,,
Kepler-346 c,,0.274,23.851549,,,,
Kepler-347 b,,0.176,12.79836,,,,
Kepler-347 c,,0.156,27.320871,,,,
Kepler-348 b,,0.136,7.05677,,,,
Kepler-348 c,,0.119,17.265427,,,,
Kepler-349 b,,0.17,5.929778,,,,
Kepler-349 c,,0.175,12.247629,,,,
Kepler-35(AB) b,0.1267973445,0.7279877384,131.458,,,,1645
Kepler-350 b,,0.165,11.189562,,,,
Kepler-350 c,0.0176,0.277,17.849,,,,
Kepler-350 d,0.048,0.25,26.136,,,,
Kepler-351 b,,0.273,37.054919,,,,
Kepler-351 c,,0.285,57.24809,,,,
Kepler-352 b,,0.077,10.05537,,,,
Kepler-352 c,,0.111,16.332995,,,,
Kepler-353 b,,0.079,5.795278,,,,
Kepler-353 c,,0.123,8.410894,,,,
Kepler-354 b,,0.164,5.47666,,,,
Kepler-354 c,,0.117,16.934402,,,,
Kepler-354 d,,0.111,24.209842,,,,
Kepler-355 b,,0.13,11.03189,,,,
Kepler-355 c,,0.242,25.762294,,,,
Kepler-356 b,,0.14,4.612696,,,,
Kepler-356 c,,0.161,13.121632,,,,
Kepler-357 b,,0.164,6.475434,,,,
Kepler-357 c,,0.238,16.85837,,,,
Kepler-357 d,,0.306,49.499875,,,,
Kepler-358 b,,0.243,34.060467,,,,
Kepler-358 c,,0.254,83.488369,,,,
Kepler-359 b,,0.315,25.563222,,,,
Kepler-359 c,,0.384,57.68802,,,,
Kepler-359 d,,0.358,77.095691,,,,
Kepler-36 b,0.014032659,0.1320369918,13.83989,,,,
Kepler-36 c,0.0254149,0.3282,16.23855,,,,
Kepler-360 b,,0.147,3.289672,,,,
Kepler-360 c,,0.187,7.186434,,,,
Kepler-361 b,,0.129,8.486616,,,,
Kepler-361 c,,0.225,55.188023,,,,
Kepler-362 b,,0.079,10.327186,,,,
Kepler-362 c,,0.129,37.866281,,,,
Kepler-363 b,,0.103,3.614568,,,,
Kepler-363 c,,0.151,7.542427,,,,
Kepler-363 d,,0.183,11.932125,,,,
Kepler-364 b,,0.138,25.745718,,,,
Kepler-364 c,,0.192,59.980627,,,,
Kepler-365 b,,0.182,10.664903,,,,
Kepler-365 c,,0.146,17.784129,,,,
Kepler-366 b,,0.13,3.281959,,,,
Kepler-366 c,,0.16,12.51616,,,,
Kepler-367 b,,0.116,37.815724,,,,
Kepler-367 c,,0.107,53.578637,,,,
Kepler-368 b,,0.291,26.84768,,,,
Kepler-368 c,,0.346,72.379334,,,,
Kepler-369 b,,0.101,2.732756,,,,
Kepler-369 c,,0.126,14.871572,,,,
Kepler-37 b,0.0087468143,0.0285485388,13.367308,,,,66
Kepler-37 c,0.0314633609,0.0669106377,21.301886,,,,66
Kepler-37 d,0.0383853003,0.1730755162,39.792187,,,,66
Kepler-370 b,,0.142,4.57953,,,,
Kepler-370 c,,0.17,19.02293,,,,
Kepler-371 b,,0.169,34.763278,,,,
Kepler-371 c,,0.159,67.968015,,,,
Kepler-372 b,,0.121,6.849692,,,,
Kepler-372 c,,0.186,20.053763,,,,
Kepler-372 d,,0.151,30.092568,,,,
Kepler-373 b,,0.121,5.535309,,,,
Kepler-373 c,,0.111,16.725948,,,,
Kepler-374 b,,0.092,1.897806,,,,
Kepler-374 c,,0.098,3.282807,,,,
Kepler-374 d,,0.117,5.028219,,,,
Kepler-375 b,,0.129,12.125934,,,,
Kepler-375 c,,0.236,19.986326,,,,
Kepler-376 b,,0.095,4.920199,,,,
Kepler-376 c,,0.16,14.172327,,,,
Kepler-377 b,,0.124,12.509529,,,,
Kepler-377 c,,0.184,27.014976,,,,
Kepler-378 b,,0.067,16.092361,,,,
Kepler-378 c,,0.062,28.906009,,,,
Kepler-379 b,,0.148,20.09838,,,,
Kepler-379 c,,0.204,62.784697,,,,
Kepler-38(AB) b,0.38,0.39,105.595,,,,
Kepler-380 b,,0.106,3.930821,,,,
Kepler-380 c,,0.113,7.630004,,,,
Kepler-381 b,,0.088,5.629021,,,,
Kepler-381 c,,0.1,13.391635,,,,
Kepler-382 b,,0.118,5.262155,,,,
Kepler-382 c,,0.142,12.162701,,,,
Kepler-383 b,,0.118,12.904532,,,,
Kepler-383 c,,0.111,31.200751,,,,
Kepler-384 b,,0.1,22.597053,,,,
Kepler-384 c,,0.101,45.348269,,,,
Kepler-385 b,,0.244,10.043686,,,,
Kepler-385 c,,0.271,15.163161,,,,
Kepler-386 b,,0.124,12.31043,,,,
Kepler-386 c,,0.141,25.193458,,,,
Kepler-387 b,,0.092,6.791636,,,,
Kepler-387 c,,0.079,11.837549,,,,
Kepler-388 b,,0.072,3.173315,,,,
Kepler-388 c,,0.077,13.297004,,,,
Kepler-389 b,,0.135,3.244107,,,,
Kepler-389 c,,0.13,14.51143,,,,
Kepler-39 b,18,1.22,21.0874,905,,,1200
Kepler-390 b,,0.073,6.738088,,,,
Kepler-390 c,,0.07,13.060022,,,,
Kepler-391 b,,0.285,7.416755,,,,
Kepler-391 c,,0.316,20.485435,,,,
Kepler-392 b,,0.089,5.341853,,,,
Kepler-392 c,,0.098,10.423118,,,,
Kepler-393 b,,0.115,9.182417,,,,
Kepler-393 c,,0.119,14.613612,,,,
Kepler-394 b,,0.143,8.005013,,,,
Kepler-394 c,,0.148,12.130686,,,,
Kepler-395 b,,0.092,7.054346,,,,
Kepler-395 c,,0.118,34.989262,,,,
Kepler-396 b,0.22,0.31,42.994,,,,
Kepler-396 c,0.053,0.47,88.505,,,,
Kepler-397 b,,0.219,22.250949,,,,
Kepler-397 c,,0.551,135.498527,,,,
Kepler-398 b,,0.083,4.081423,,,,
Kepler-398 c,,0.09,11.419412,,,,
Kepler-399 b,,0.086,14.425281,,,,
Kepler-399 c,,0.128,26.67569,,,,
Kepler-399 d,,0.169,58.034616,,,,
Kepler-4 b,0.0824340056,0.3568567345,3.21346,,,,550
Kepler-40 b,2.2,1.17,6.87349,,,,2700
Kepler-400 b,,0.147,9.024389,,,,
Kepler-400 c,,0.133,17.340824,,,,
Kepler-401 b,,0.153,14.383035,,,,
Kepler-401 c,,0.192,47.318218,,,,
Kepler-402 b,,0.109,4.028751,,,,
Kepler-402 c,,0.139,6.124821,,,,
Kepler-402 d,,0.123,8.921099,,,,
Kepler-402 e,,0.13,11.242861,,,,
Kepler-403 b,,0.112,7.031462,,,,
Kepler-403 c,,0.156,54.280749,,,,
Kepler-404 b,,0.113,11.829851,,,,
Kepler-404 c,,0.153,14.751166,,,,
Kepler-405 b,,0.186,10.613839,,,,
Kepler-405 c,,0.416,29.726682,,,,
Kepler-406 b,0.02,0.128,2.42629,,,,
Kepler-406 c,0.00853,0.076,4.62332,,,,
Kepler-41  b,0.49,0.841,1.855558,1745,,,730
Kepler-410A b,,0.2531898531,17.833648,,,,132
Kepler-412 b,0.939,1.325,1.720861232,,,,1056
Kepler-413(AB) b,0.2108045181,0.3878140562,66.262,,,,
Kepler-418 b,1.1,1.2,86.67865,,,,
Kepler-419 b,2.5,0.85,69.7546,,,,
Kepler-419 c,7.3,,675.47,,,,
Kepler-42 b,0.009,0.07,1.2137672,,,,38.7
Kepler-42 c,0.006,0.065,0.45328509,,,,38.7
Kepler-42 d,0.003,0.051,1.856169,,,,38.7
Kepler-421 b,,0.3711310039,704.1984,,,,320
Kepler-422 b,0.43,1.15,7.8914483,,,,
Kepler-423 b,0.595,1.192,2.6843285,1605,,,
Kepler-424 b,1.03,0.89,3.3118644,,,,
Kepler-424 c,6.97,,223.3,,,,
Kepler-43 b,3.23,1.2,3.024095,,,,1950
Kepler-432 b,5.41,1.45,52.501134,,,,874
Kepler-436 b,,0.244,64.00205,,,,618
Kepler-437 b,,0.191,66.65062,,,,417
Kepler-438 b,,0.0999,35.23319,,,,145
Kepler-439 b,,0.2,178.1396,,,,693
Kepler-44 b,1.02,1.24,3.24674,,,,2250
Kepler-440 b,,0.166,101.11141,,,,261
Kepler-441 b,,0.146,207.2482,,,,284
Kepler-442 b,,0.12,112.3053,,,,342
Kepler-443 b,,0.208,177.6693,,,,779
Kepler-444 b,,0.034,3.60001053,,,,
Kepler-444 c,,0.0437,4.5458841,,,,
Kepler-444 d,,0.0473,6.189392,,,,
Kepler-444 e,,0.0476,7.743493,,,,
Kepler-444 f,,0.0606,9.740486,,,,
Kepler-445 b,0.02,0.141,2.984151,,,,90
Kepler-445 c,0.027,0.224,4.871229,,,,90
Kepler-445 d,0.011,0.112,8.15275,,,,90
Kepler-446 b,0.014,0.134,1.565409,,,,120
Kepler-446 c,0.009,0.098,3.036179,,,,120
Kepler-446 d,0.01,0.12,5.148921,,,,120
Kepler-447 b,1.37,1.65,7.79430132,,,,
Kepler-449 b,,0.1834,12.58242,,,,
Kepler-449 c,,0.2466,33.6727,,,,
Kepler-45 b,0.505,0.96,2.455239,,,,333
Kepler-450 b,,0.548,28.454851,,,,
Kepler-450 c,,0.234,15.413135,,,,
Kepler-450 d,,0.0747,7.51464,,,,
Kepler-452 b,,0.145,384.843,265,,,
Kepler-454 b,0.0215,0.211,10.57375339,,,,
Kepler-454 c,4.46,,523.9,,,,
Kepler-46 b,6,0.812,33.60134,,,,857
Kepler-46 c,0.376,,57.004,,,,857
Kepler-47(AB) b,,0.27,49.514,,,,
Kepler-47(AB) c,,0.41,303.148,,,,
Kepler-48 b,0.0124,0.168,4.778,,,,
Kepler-48 c,0.04597,0.242,9.673928,,,,
Kepler-48 d,0.025,0.182,42.8961,,,,
Kepler-48 e,2.067,,982,,,,
Kepler-49 b,,0.24,7.2037945,,,,
Kepler-49 c,,0.23,10.9129343,,,,
Kepler-49 d,,0.143,2.576549,,,,
Kepler-49 e,,0.139,18.596108,,,,
Kepler-5 b,2.114,1.431,3.54846,1752,,,
Kepler-50 b,0.1,0.2,7.8125124,,,,
Kepler-50 c,0.11,0.25,9.3761368,,,,
Kepler-51 b,0.0066073058,0.6334207038,45.1555023,543,,,
Kepler-51 c,0.0125853444,0.8029276527,85.3128662,439,,,
Kepler-52 b,8.7,0.19,7.8773565,,,,
Kepler-52 c,10.41,0.16,16.3850021,,,,
Kepler-52 d,,0.174,36.445171,,,,
Kepler-53 b,18.41,0.26,18.6489525,,,,
Kepler-53 c,15.75,0.28,38.5583038,,,,
Kepler-53 d,,0.189,9.751962,,,,
Kepler-54 b,,0.19,8.0109434,,,,
Kepler-54 c,,0.11,12.0717249,,,,
Kepler-54 d,,0.136,20.995694,,,,
Kepler-55 b,,0.22,27.94811449,,,,
Kepler-55 c,,0.2,42.1516418,,,,
Kepler-55 d,,0.142,2.211099,,,,
Kepler-55 e,,0.138,4.617534,,,,
Kepler-55 f,,0.142,10.198545,,,,
Kepler-56 b,0.07,0.58,10.5016,,,,
Kepler-56 c,0.569,0.88,21.40239,,,,
Kepler-56 d,3.3,,,,,,
Kepler-57 b,18.86,0.2,5.7293196,,,,
Kepler-57 c,6.95,0.14,11.6092567,,,,
Kepler-58 b,1.39,0.25,10.2184954,,,,
Kepler-58 c,2.19,0.26,15.5741568,,,,
Kepler-58 d,,0.262,40.101371,,,,
Kepler-59 b,2.05,0.098,11.8681707,,,,
Kepler-59 c,1.37,0.18,17.9801235,,,,
Kepler-6 b,0.669,1.323,3.234723,1451,,,
Kepler-60 b,0.01,0.2,7.1316185,,,,
Kepler-60 c,0.02,0.22,8.9193459,,,,
Kepler-60 d,0.011,0.23,11.9016171,,,,
Kepler-61 b,,0.192,59.87756,,,,
Kepler-62 b,0.028,0.117,5.714932,,,,
Kepler-62 c,0.0126,0.048,12.4417,,,,
Kepler-62 d,0.044,0.174,18.16406,,,,
Kepler-62 e,0.113,0.144,122.3874,,,,
Kepler-62 f,0.11,0.126,267.291,,,,
Kepler-63 b,,0.545,9.4341505,,,,200
Kepler-65 b,,0.1257,2.1549156,,,,312.43
Kepler-65 c,0.084,0.2294,5.8599408,,,,312.43
Kepler-65 d,,0.1344,8.131231,,,,312.43
Kepler-66 b,0.31,0.25,17.815815,,,,1107
Kepler-67 b,0.31,0.26,15.7259,,,,1107
Kepler-68 b,0.0188,0.206,5.3987533,1280,,,135
Kepler-68 c,0.00686,0.0827,9.604979,,,,135
Kepler-68 d,0.84,,625,,,,135
Kepler-69 b,,0.199,13.722341,,,,
Kepler-69 c,,0.153,242.4613,,,,
Kepler-7 b,0.433,1.614,4.885525,1586,,,
Kepler-70  b,0.014,0.068,0.2401,,,,1180
Kepler-70 c,0.0021,0.078,0.34289,,,,1180
Kepler-71 b,,1.0452,3.905081,,,,
Kepler-74 b,0.68,1.32,7.340718,,,,1330
Kepler-75 b,9.9,1.03,8.884924,,,,1140
Kepler-76 b,1.96,1.25,1.54492875,,,,
Kepler-77 b,0.43,0.96,3.5787087,,,,570
Kepler-78 b,0.005317308,0.1070570204,0.35500745,2330,,,
Kepler-79 b,0.034285,0.309568,13.4845,868,,,
Kepler-79 c,0.018558,0.332,27.4029,685,,,
Kepler-79 d,0.018872,0.64,52.0902,553,,,
Kepler-79 e,0.0129,0.312,81.0659,477,,,
Kepler-8 b,0.603,1.419,3.52254,1638,,,1330
Kepler-80 b,,0.21,7.05,,,,
Kepler-80 c,,0.23,9.52,,,,
Kepler-80 d,,0.125,3.07,,,,
Kepler-80 e,,0.134,4.64,,,,
Kepler-80 f,,0.116,0.99,,,,
Kepler-81 b,,0.2269,5.954893,646,,,
Kepler-81 c,,0.2188,12.039901,513,,,
Kepler-81 d,,0.108,20.837846,,,,
Kepler-82 b,,0.3573,26.44288,581,,,
Kepler-82 c,,0.4734,51.53005,464,,,
Kepler-82 d,,0.158,2.382961,,,,
Kepler-82 e,,0.22,5.902206,,,,
Kepler-83 b,,0.209,9.770513,,,,
Kepler-83 c,,0.1733,20.08976,,,,
Kepler-83 d,,0.173,5.169796,,,,
Kepler-84 b,,0.1965,8.725854,937,,,
Kepler-84 c,,0.2144,12.882525,821,,,
Kepler-84 d,,0.123,4.224537,,,,
Kepler-84 e,,0.232,27.434389,,,,
Kepler-84 f,,0.196,44.552169,,,,
Kepler-85 b,0.0465,0.178,8.305992,,,,
Kepler-85 c,0.059,0.197,12.51217,,,,
Kepler-85 d,,0.107,17.91323,,,,
Kepler-85 e,,0.113,25.216751,,,,
Kepler-86 b,,0.905,282.5255,281,,,
Kepler-87 b,1.02,1.21,114.73709,478.1,,,
Kepler-87 c,0.0201,0.549,192.363,403.3,,,
Kepler-88 b,0.027373124,0.3372296141,10.95416,,,,385
Kepler-88 c,0.625491615,,22.3395,,,,385
Kepler-89 b,0.033,0.153,3.7432451,,,,
Kepler-89 c,0.049,0.386,10.423707,,,,
Kepler-89 d,0.164,0.98,22.3430004,,,,
Kepler-89 e,0.041,0.55,54.319931,,,,
Kepler-9 b,0.1418997577,0.9902774383,19.22418,,,,
Kepler-9 c,0.0975364188,0.9545917648,39.03106,,,,
Kepler-9 d,0.0165182645,0.1784283673,1.592851,,,,
Kepler-90 b,,0.117,7.008151,1056,,,
Kepler-90 c,,0.106,8.719375,981,,,
Kepler-90 d,,0.257,59.73667,518,,,
Kepler-90 e,,0.238,91.93913,448,,,
Kepler-90 f,,0.258,124.9144,592,,,
Kepler-90 g,,0.725,210.60697,340,,,
Kepler-90 h,,1.01,331.60059,292,,,
Kepler-91 b,0.73,1.384,6.24658,,,,1030
Kepler-92 b,0.189,0.326,13.748933,,,,448.57
Kepler-92 c,0.0179,0.219,26.72311,,,,448.57
Kepler-92 d,,0.1844,49.3568,,,,448.57
Kepler-93 b,0.0126,0.1323046343,4.72673978,1037,,,
Kepler-94 b,0.03411,0.313,2.50806,,,,
Kepler-94 c,9.836,,820,,,,
Kepler-95 b,0.041,0.305,11.5231,,,,
Kepler-96 b,0.027,0.238,16.2385,,,,
LKCA 15 b,6,,40000,,,,145
MOA-2007-BLG-192-L b,0.01,,,,,,700
MOA-2007-BLG-197L b,41,,,,,,4170
MOA-2007-BLG-400-L b,0.9,,,,,,6000
MOA-2008-BLG-310-L b,0.23,,,,,,6000
MOA-2008-BLG-379L b,4.1,,,,,,3600
MOA-2009-BLG-266L b,0.0327,,2780,,,,3040
MOA-2009-BLG-319 b,0.157,,,,,,6100
MOA-2009-BLG-387L b,2.6,,1970,,,,5700
MOA-2010-BLG-328L b,0.029,,,,,,810
MOA-2010-BLG-353L b,0.27,,,,,,6430
MOA-2010-BLG-477L b,1.5,,,,,,2300
MOA-2011-BLG-028L b,0.094,,,,,,7380
MOA-2011-BLG-262L b,0.0566340496,,,,,,7350
MOA-2011-BLG-274 b,0.8,,,,,,800
MOA-2011-BLG-293L b,4.8,,,,,,7700
MOA-2011-BLG-322L b,7.8,,,,,,7740
MOA-2013-BLG-220L b,0.1887801655,,,,,,2000
MOA-2013-BLG-605L b,0.066,,,,,,3600
MOA-bin-1 b,3.7,,,,,,5100
NGC 2423 3 b,10.6,,714.3,,,,766
NGC 4349 No 127 b,19.8,,677.8,,,,2176
NLTT 41135,33.7,1.13,2.889475,,,,22.7
NN Ser (ab) c,6.91,,5660,,,,500
NN Ser (ab) d,2.28,,2830,,,,500
NY Vir b,2.78,,2987.745,,,,
NY Vir c,4.49,,9861.75,,,,
OGLE-05-071L b,3.5,,3600,,,,3300
OGLE-05-169L b,0.0444,,,,,,4100
OGLE-05-390L b,0.017,,3500,,,,6500
OGLE-06-109L b,0.727,,1790,,,,1510
OGLE-06-109L c,0.271,,4931,,,,1510
OGLE-2007-BLG-368L b,0.0694,,,,,,5900
OGLE-2008-BLG-092L b,0.137,,,,,,7000
OGLE-2008-BLG-355L b,4.6,,,,,,6800
OGLE-2009-BLG-151 MOA-2009-232 b,7.5,,,,,,390
OGLE-2011-BLG-0251 b,0.96,,,,,,4090
OGLE-2011-BLG-0265L b,0.88,,,,,,4380
OGLE-2011-BLG-0420 b,9.4,,,,,,1990
OGLE-2012-BLG-0026L b,0.11,,,,,,4080
OGLE-2012-BLG-0026L c,0.68,,,,,,4080
OGLE-2012-BLG-0358L b,1.85,,,,,,1760
OGLE-2012-BLG-0406L b,2.73,,,,,,4970
OGLE-2012-BLG-0563L b,0.39,,,,,,1300
OGLE-2013-BLG-0102L b,13.6,,,,,,3020
OGLE-2013-BLG-0341L b,0.0052229179,,,,,,911
OGLE-2013-BLG-0723LB b,0.0022,,,,,,490
OGLE-2014-BLG-0124L b,0.5,,,,,,4100
OGLE-2015-BLG-0966 b,0.066,,,,,,2900
OGLE-TR-10 b,0.68,1.72,3.10129,,,,1500
OGLE-TR-111 b,0.54,1.077,4.01451,,,,1500
OGLE-TR-113 b,1.24,1.11,1.4324772,,,,1500
OGLE-TR-132 b,1.17,1.23,1.689868,,,,1500
OGLE-TR-182 b,1.06,1.47,3.9791,,,,
OGLE-TR-211 b,0.75,1.26,3.67724,,,,
OGLE-TR-56 b,1.3,1.2,1.211909,,,,1500
OGLE2-TR-L9 b,4.34,1.614,2.4855335,,,,900
OGLE235-MOA53 b,2.6,,,,,,5200
OY Car b,8.48,,,,,,
Oph 11 b,21,,730000,,,,145
PH1-Kepler-64 b,0.53,0.553,138.506,,,,
POTS-1 b,2.31,0.941,3.1606296,,,,
PSR 1257 12 b,0.00007,,25.262,,,,710
PSR 1257 12 c,0.013,,66.5419,,,,710
PSR 1257 12 d,0.012,,98.2114,,,,710
PSR 1719-14 b,1,0.4,0.090706293,,,,1200
PSR B1620-26 b,2.5,,36525,,,,3800
PSR B1957+20 b,22,,9.1,,,,1.53
PSR J1807-2459 A b,9.4,,0.07,,,,2790
PSR J2051-0827 b,28.3,,0.099110266,,,,1280
PSR J2241-5236 b,12,,0.1456722395,,,,500
PZ Tel b,62,,,,2987,,51.49
Pr0201 c,0.54,,4.4264,,,,
Pr0211 b,1.844,,2.1451,,,,
Qatar-1 b,1.09,1.164,1.4200246,,,,
Qatar-2 b,2.487,1.144,1.3371182,,,,
ROXs 12 b,16,,,,,,120
ROXs 42B b,9,2.5,,,1975,"CO, H2O, K",135
RR Cae b,4.2,,4350,,,,
Ross 458(AB) c,11.3,1.07,,,670,"CH4, H2O, K, H2",11.7
SAND364 b,1.54,,121.71,,,,
SR 12 AB c,13,,,,,,125
SWEEPS-04 ,3.8,0.81,4.2,,,,8500
SWEEPS-11 ,9.7,1.13,1.796,,,,8500
TWA 5 A(AB) b,25,,,,,,25
TYC+1422-614-1 b,2.51,,198.44,,,,759
TYC+1422-614-1 c,10.1,,569.2,,,,759
TrES-1 ,0.761,1.099,3.0300722,,,,157
TrES-2 ,1.253,1.189,2.4706133738,1455,,,220
TrES-3 ,1.91,1.305,1.30618608,,,,
TrES-4 ,0.917,1.706,3.5539268,,,,479
TrES-5 ,1.778,1.209,1.4822446,,,,360
USco1602-2401 b,47,,,2790,,,
USco1610-1913 b,20,,,2400,,,
USco1612-1800 b,26,,,2550,,,
UScoCTIO 108 b,14,,,,,,145
UZ For(ab) d,7.7,,1900,,,,
V391 Peg b,3.2,,1170,,,,1400
VHS 1256-1257 b,11.2,,,,880,,12.7
WASP-1 b,0.86,1.484,2.5199464,,,,
WASP-10 b,3.16,1.08,3.0927616,,,,90
WASP-100 b,2.03,1.69,2.849375,2190,,,
WASP-101 b,0.5,1.41,3.585722,1560,,,
WASP-103 b,1.49,1.528,0.925542,2508,,,470
WASP-104 b,1.272,1.137,1.7554137,1516,,,143
WASP-106 b,1.925,1.085,9.289715,1140,,,283
WASP-108 b,1.167,1.215,2.6755463,1590,,,220
WASP-109 b,0.91,1.443,3.3190233,1695,,,330
WASP-11-HAT-P-10 b,0.46,1.045,3.722469,,,,125
WASP-110 b,0.515,1.238,3.7783977,1134,,,320
WASP-111 b,1.83,1.442,2.310965,2140,,,210
WASP-112 b,0.88,1.191,3.0353992,1395,,,450
WASP-117 b,0.2755,1.021,10.02165,1024,,,
WASP-12 b,1.404,1.736,1.0914222,,,"CO, CH4, CH4, CO, H2O, TiO, VO, HCN, H2, O I, C",427
WASP-120 b,5.01,1.515,3.6112706,1890,50,,
WASP-121 b,1.183,1.865,1.2749255,,,,270
WASP-122 b,1.372,1.792,1.7100567,1960,50,,
WASP-123 b,0.92,1.327,2.977641,1510,,,
WASP-13 b,0.485,1.365,4.353011,,,,156
WASP-135 b,1.9,1.3,1.4013794,,,,300
WASP-14 b,7.341,1.281,2.2437661,,,,160
WASP-15 b,0.542,1.428,3.7520656,,,,308
WASP-16 b,0.855,1.008,3.1186009,,,,
WASP-17 b,0.486,1.991,3.735438,,,"Na, Na, O I, C",
WASP-18 b,10.43,1.165,0.9414518,,,,100
WASP-19 b,1.114,1.395,0.78884,2077,,"O I, C",
WASP-2 b,0.847,1.079,2.15222144,,,,144
WASP-20 b,0.313,1.459,4.8996285,1379,,,210
WASP-21 b,0.3,1.21,4.3225126,,,,230
WASP-22 b,0.617,1.199,3.5327313,,,,300
WASP-23 b,0.884,0.962,2.9444256,,,,
WASP-24 b,1.071,1.3,2.3412127,,,,330
WASP-25 b,0.58,1.26,3.76483,,,,169
WASP-26 b,1.028,1.281,2.7566004,,,,250
WASP-28 b,0.907,1.213,3.40883,1468,,,410
WASP-29 b,0.2428971463,0.8412897516,3.922727,,,,80
WASP-3 b,2.06,1.454,1.8468372,,,,223
WASP-31 b,0.478,1.537,3.405909,,,,400
WASP-32 b,3.6,1.18,2.71865,,,,
WASP-33 b,2.1,1.603,1.21986967,,,,116
WASP-34 b,0.59,1.22,4.3176782,,,,120
WASP-35 b,0.72,1.32,3.161575,,,,
WASP-36 b,2.279,1.269,1.5373653,,,,450
WASP-37 b,1.8,1.16,3.577471,,,,338
WASP-38 b,2.712,1.079,6.871815,,,,110
WASP-39 b,0.28,1.27,4.055259,,,,230
WASP-4 b,1.237,1.395,1.33823187,,,,300
WASP-41 b,0.94,1.18,3.052404,1244,,,180
WASP-41 c,3.18,,421,241,,,180
WASP-42 b,0.5,1.08,4.9816872,,,,
WASP-43 b,2.034,1.036,0.81347753,,,"H2O, O I, C",
WASP-44 b,0.889,1.14,2.4238039,,,,
WASP-45 b,1.007,1.16,3.1260876,,,,
WASP-46 b,2.101,1.31,1.43037,,,,
WASP-47 b,1.13,1.134,4.1591409,1275,,,200
WASP-47 c,1.24,,572,247,,,200
WASP-47 d,0.027,0.32,9.03079,,,,200
WASP-47 e,0.028,0.1621,0.789593,,,,200
WASP-48 b,0.98,1.67,2.143634,,,,
WASP-49 b,0.378,1.115,2.7817387,,,,
WASP-5 b,1.637,1.171,1.6284246,,,,297
WASP-50 b,1.437,1.138,1.9550959,,,,230
WASP-52 b,0.46,1.27,1.7497798,,,,140
WASP-54 b,0.6,1.4,3.7,,,,
WASP-55 b,0.57,1.3,4.465633,1290,,,330
WASP-56 b,0.6,1.2,4.6,,,,
WASP-57 b,0.8,1.1,2.8,,,,
WASP-58 b,0.89,1.37,5.01718,,,,300
WASP-59 b,0.7,0.9,7.9,,,,125
WASP-6 b,0.503,1.224,3.361006,,,,307
WASP-60 b,0.5,0.9,4.3,,,,400
WASP-61 b,2.06,1.24,3.8559,,,,480
WASP-62 b,0.57,1.39,4.411953,,,,160
WASP-63 b,0.38,1.43,4.37809,,,,330
WASP-64 b,1.2,0.7,1.6,,,,
WASP-65 b,1.55,1.112,2.3114243,,,,310
WASP-66 b,2.32,1.39,4.086052,,,,380
WASP-67 b,0.42,1.4,4.61442,,,,225
WASP-68 b,0.95,1.24,5.084298,,,,
WASP-69 b,0.26,1.057,3.8681382,963,,,50
WASP-7 b,0.96,1.33,4.9546416,,,,140
WASP-70A b,0.59,1.164,3.7130203,1387,,,245
WASP-71 b,2.258,1.5,2.9036747,,,,200
WASP-72 b,1.461,1.27,2.2167421,,,,
WASP-73 b,1.88,1.16,4.08722,1790,,,
WASP-74 b,0.95,1.56,2.13775,1910,,,120
WASP-75 b,1.07,1.27,2.484193,,,,260
WASP-76 b,0.92,1.83,1.809886,2190,,,120
WASP-77A b,1.76,1.21,1.3600309,,,,
WASP-78 b,1.16,1.75,2.17517656,,,,550
WASP-79 b,0.9,1.7,3.6623817,,,,240
WASP-8 b,2.244,1.038,8.158715,,,,87
WASP-80 b,0.554,0.952,3.0678504,,,,60
WASP-82 b,1.24,1.67,2.705782,2190,,,200
WASP-83 b,0.3,1.04,4.071252,1120,,,300
WASP-84 b,0.694,0.942,8.5234865,797,,,120
WASP-85 b,1.265,1.24,2.6556777,1452,,,
WASP-87A b,2.18,1.385,1.682795,2322,,,240
WASP-88 b,0.56,1.7,4.954,1775,,,
WASP-89 b,5.9,1.04,3.3564227,1120,,,
WASP-90 b,0.63,1.63,3.916243,1840,,,340
WASP-94 A b,0.452,1.72,3.9501907,1604,,,
WASP-94 B b,0.618,,2.00839,,,,
WASP-95 b,1.13,1.21,2.184673,1570,,,
WASP-96 b,0.48,1.2,3.4252602,1285,,,
WASP-97 b,1.32,1.13,2.07276,1555,,,
WASP-98 b,0.83,1.1,2.96264,1180,,,
WASP-99 b,2.78,1.1,5.75251,1480,,,
WD 0806-661B b,8,,,,,,19.2
WD 1145+017 b,0.0000021,,0.1875,,,,174
WISE 0458+6434 b,13,1.009,25800,,590,"CH4, H2O",10.5
WISE 1217+16A b,22,0.96,47400,,450,"CH4, H2O, H2",10
WISE 1711+3500 b,18,,125000,,460,,19
WISE J0720-0846,62,,1388,,,,6.8
WTS-1 b,4.01,1.49,3.352059,,,,3200
WTS-2 b,1.12,1.3,1.0187074,2000,,,1000
Wolf 1061 b,0.00428,,4.8876,,,,4.29
Wolf 1061 c,0.0134,,17.867,,,,4.29
Wolf 1061 d,0.0164,,67.27,,,,4.29
XO-1 b,0.9,1.184,3.9415128,,,"O I, C",200
XO-2N b,0.62,0.973,2.615838,,,"K, Na",149
XO-2S b,0.259,,18.157,,,,149
XO-2S c,1.37,,120.8,,,,149
XO-3 b,11.79,1.217,3.1915239,,,,260
XO-4 b,1.615,1.317,4.12473,1641,,,293
XO-5 b,1.077,1.03,4.1877537,,,,255
YBP1194 b,0.34,,6.958,,,,
YBP1514 b,0.4,,5.118,,,,
alf Ari b,1.8,,380.8,,,,20.2
alf Cen B b,0.0036,,3.2357,,,,1.3
beta Cir b,56,,,,2084,,30.56
beta Cnc b,7.8,,605.2,,,,92.99
beta Pic b,7,1.65,7890,,,H,19.3
beta Umi b,6.1,,522.3,,,,40.14
eps CrB b,6.7,,417.9,,,,67.9
eps Eridani b,1.55,,2502,,,,3.2
eps Tau b,7.6,,594.9,,,,45
eta Cet b,2.55,,403.5,,,,38
eta Cet c,3.32,,751.9,,,,38
gamma 1 Leo b,8.78,,428.5,,,,38.5
gamma Cephei b,1.85,,903.3,,,,13.79
kappa And b,14,1.2,,,1900,,51.6
kappa CrB b,1.6,,1251,,,,31.1
ksi Aql b,2.8,,136.75,,,,62.7
mu Ara b,1.676,,643.25,,,,15.3
mu Ara c,0.03321,,9.6386,,,,15.3
mu Ara d,0.5219,,310.55,,,,15.3
mu Ara e,1.814,,4205.8,,,,15.3
mu Leo b,2.4,,357.8,,,,38.05
nu Oph b,24,,530.32,,,,46.8
nu Oph c,27,,3186,,,,46.8
ome Ser b,1.7,,277.02,,,,80.6
omi CrB b,1.5,,187.3,,,,84
omi UMa b,4.1,,1630,,,,56.3
sig Per b,6.5,,579.8,,,,108.3
tau Boo b,4.13,1.06,3.31249,,,H2O,15.6
tau Gem b,20.6,,305.5,,,,98.4
ups And b,0.62,,4.61711,,,,13.47
ups And c,1.8,,240.937,,,,13.47
ups And d,10.19,,1281.439,,,,13.47
ups And e,1.059,,3848.86,,,,13.47
